bookingid_(pnr),reservation_date,cancellation_date,flight_date,origin,destination,routing,flightnumber,revenue_per_booking_(ticket),revenue_per_booking_(ancilliary_pre_check_in),revenue_per_booking_(ancilliary_at_check_in),passengercount,bookingid_norm,routing_canonical,total_revenue
700010,2025-04-06,2025-04-10,2025-04-13,FCO,FRA,FCO → FRA,DE1003,120.0,0.0,2.26,1,700010,FCO-FRA,122.26
700061,2025-03-06,2025-03-09,2025-04-30,FCO,FRA,FCO-FRA,DE1003,68.0,11.51,4.84,1,700061,FCO-FRA,84.35000000000001
700114,2025-03-01,2025-03-04,2025-03-12,FRA,FCO,FRA-FCO,DE1000,160.0,5.71,0.0,2,700114,FRA-FCO,165.71
700123,2025-02-23,2025-02-27,2025-03-03,FCO,FRA,FCO → FRA,DE1003,80.0,13.3,0.0,1,700123,FCO-FRA,93.3
700131,2025-03-18,2025-03-19,2025-03-24,PMO,FCO,PMO-FCO,DE1002,216.0,6.8,8.66,2,700131,PMO-FCO,231.46
700134,2025-03-13,2025-03-14,2025-03-24,FCO,FRA,FCO → FRA,DE1003,80.0,13.21,3.27,1,700134,FCO-FRA,96.48
700135,2025-01-31,2025-02-01,2025-03-07,FRA,FCO,FRA-FCO,DE1000,136.0,11.85,9.36,2,700135,FRA-FCO,157.20999999999998
700171,2025-02-27,2025-02-28,2025-04-18,FRA,FCO,FRA-FCO,DE1000,85.0,0.0,4.98,1,700171,FRA-FCO,89.98
700198,2025-03-13,2025-03-15,2025-04-28,PMO,FCO,PMO → FCO,DE1002,153.0,15.71,0.0,2,700198,PMO-FCO,168.71
700202,2025-04-17,2025-04-21,2025-04-30,FRA,FCO,FRA → FCO,DE1000,80.0,6.02,8.44,1,700202,FRA-FCO,94.46
700220,2025-01-29,2025-02-01,2025-03-06,FCO,PMO,FCO-PMO,DE1001,153.0,17.79,5.8,2,700220,FCO-PMO,176.59
700222,2025-03-30,2025-04-02,2025-04-03,PMO,FCO,PMO-FCO,DE1002,108.0,18.08,0.0,1,700222,PMO-FCO,126.08
700245,2025-03-22,2025-03-23,2025-04-21,FCO,FRA,FCO-FRA,DE1003,85.0,11.41,3.27,1,700245,FCO-FRA,99.67999999999999
700258,2025-01-19,2025-01-22,2025-03-12,FCO,PMO,FCO → PMO,DE1001,76.5,10.38,5.13,1,700258,FCO-PMO,92.00999999999999
700287,2025-01-30,2025-02-03,2025-03-02,FCO,PMO,FCO-PMO,DE1001,76.5,16.04,6.37,1,700287,FCO-PMO,98.91
700319,2025-01-07,2025-01-10,2025-03-05,PMO,FCO,PMO-FCO,DE1002,153.0,17.44,8.99,2,700319,PMO-FCO,179.43
700323,2025-01-27,2025-01-29,2025-03-05,FRA,FCO,FRA-FCO,DE1000,68.0,18.89,3.48,1,700323,FRA-FCO,90.37
700332,2025-03-04,2025-03-05,2025-03-28,FCO,FRA,FCO → FRA,DE1003,68.0,0.0,0.0,1,700332,FCO-FRA,68.0
700342,2025-02-18,2025-02-22,2025-03-27,FCO,FRA,FCO-FRA,DE1003,68.0,5.09,3.43,1,700342,FCO-FRA,76.52000000000001
700345,2025-02-22,2025-02-25,2025-04-18,PMO,FCO,PMO → FCO,DE1002,191.25,9.99,0.0,2,700345,PMO-FCO,201.24
700362,2025-03-24,2025-03-28,2025-04-27,PMO,FCO,PMO-FCO,DE1002,95.62,5.44,0.0,1,700362,PMO-FCO,101.06
700368,2025-01-30,2025-02-02,2025-03-05,FCO,PMO,FCO-PMO,DE1001,153.0,0.0,0.0,2,700368,FCO-PMO,153.0
700373,2025-03-14,2025-03-17,2025-03-27,FCO,FRA,FCO-FRA,DE1003,160.0,15.03,2.55,2,700373,FCO-FRA,177.58
700449,2025-02-25,2025-02-28,2025-04-23,FCO,PMO,FCO-PMO,DE1001,95.62,18.52,8.6,1,700449,FCO-PMO,122.74
700476,2025-02-25,2025-02-28,2025-04-09,FCO,PMO,FCO-PMO,DE1001,76.5,0.0,8.33,1,700476,FCO-PMO,84.83
700484,2025-03-16,2025-03-20,2025-04-13,FCO,PMO,FCO-PMO,DE1001,191.25,15.33,0.0,2,700484,FCO-PMO,206.58
700493,2025-03-08,2025-03-12,2025-04-03,FRA,FCO,FRA-FCO,DE1000,204.0,6.04,9.84,3,700493,FRA-FCO,219.88
700496,2025-02-28,2025-03-04,2025-04-13,PMO,FCO,PMO-FCO,DE1002,191.25,0.0,5.31,2,700496,PMO-FCO,196.56
700529,2025-02-21,2025-02-22,2025-04-17,FCO,FRA,FCO-FRA,DE1003,85.0,18.28,8.79,1,700529,FCO-FRA,112.07
700546,2025-02-17,2025-02-20,2025-03-14,FCO,FRA,FCO → FRA,DE1003,136.0,6.77,3.61,2,700546,FCO-FRA,146.38000000000002
700578,2025-03-13,2025-03-14,2025-03-15,FCO,FRA,FCO-FRA,DE1003,240.0,18.71,9.92,2,700578,FCO-FRA,268.63
700604,2025-02-13,2025-02-16,2025-03-01,PMO,FCO,PMO-FCO,DE1002,153.0,14.87,2.75,2,700604,PMO-FCO,170.62
700609,2025-04-15,2025-04-19,2025-04-18,FCO,FRA,FCO-FRA,DE1003,150.0,0.0,0.0,1,700609,FCO-FRA,150.0
700709,2025-03-10,2025-03-13,2025-04-07,FRA,FCO,FRA-FCO,DE1000,136.0,12.88,0.0,2,700709,FRA-FCO,148.88
700719,2025-02-03,2025-02-07,2025-03-28,FCO,PMO,FCO-PMO,DE1001,76.5,10.5,2.69,1,700719,FCO-PMO,89.69
700735,2025-03-05,2025-03-07,2025-03-27,FRA,FCO,FRA → FCO,DE1000,68.0,0.0,3.63,1,700735,FRA-FCO,71.63
700805,2025-03-07,2025-03-11,2025-04-19,PMO,FCO,PMO-FCO,DE1002,95.62,18.1,6.61,1,700805,PMO-FCO,120.33
700819,2025-02-16,2025-02-20,2025-03-16,FCO,FRA,FCO-FRA,DE1003,68.0,15.39,0.0,1,700819,FCO-FRA,83.39
700827,2025-01-28,2025-01-30,2025-03-22,FCO,FRA,FCO-FRA,DE1003,68.0,10.77,0.0,1,700827,FCO-FRA,78.77
700838,2025-01-16,2025-01-20,2025-03-16,FRA,FCO,FRA-FCO,DE1000,204.0,10.97,5.83,3,700838,FRA-FCO,220.8
700895,2025-03-14,2025-03-16,2025-04-19,PMO,FCO,PMO → FCO,DE1002,95.62,12.66,8.49,1,700895,PMO-FCO,116.77
700899,2025-03-26,2025-03-27,2025-04-18,FCO,PMO,FCO-PMO,DE1001,95.62,11.3,6.04,1,700899,FCO-PMO,112.96000000000001
700906,2025-02-08,2025-02-11,2025-03-07,FCO,PMO,FCO-PMO,DE1001,229.5,11.1,8.01,3,700906,FCO-PMO,248.60999999999999
700909,2025-03-02,2025-03-06,2025-04-17,FRA,FCO,FRA → FCO,DE1000,85.0,17.86,0.0,1,700909,FRA-FCO,102.86
700943,2025-03-10,2025-03-13,2025-03-24,FCO,FRA,FCO-FRA,DE1003,80.0,0.0,0.0,1,700943,FCO-FRA,80.0
700951,2025-02-18,2025-02-20,2025-03-17,FRA,FCO,FRA-FCO,DE1000,68.0,17.17,3.66,1,700951,FRA-FCO,88.83
700974,2025-02-10,2025-02-14,2025-03-14,PMO,FCO,PMO → FCO,DE1002,153.0,10.38,5.28,2,700974,PMO-FCO,168.66
701006,2025-03-11,2025-03-12,2025-04-24,FRA,FCO,FRA-FCO,DE1000,170.0,0.0,5.06,2,701006,FRA-FCO,175.06
701020,2025-02-12,2025-02-16,2025-03-15,PMO,FCO,PMO-FCO,DE1002,76.5,10.29,7.82,1,701020,PMO-FCO,94.60999999999999
701048,2025-02-05,2025-02-09,2025-03-15,FCO,FRA,FCO → FRA,DE1003,136.0,0.0,6.15,2,701048,FCO-FRA,142.15
701120,2025-03-15,2025-03-18,2025-03-29,FCO,FRA,FCO-FRA,DE1003,80.0,19.77,0.0,1,701120,FCO-FRA,99.77
701140,2025-04-05,2025-04-09,2025-04-09,FCO,FRA,FCO-FRA,DE1003,96.0,0.0,0.0,1,701140,FCO-FRA,96.0
701143,2025-01-17,2025-01-18,2025-03-01,FRA,FCO,FRA-FCO,DE1000,68.0,0.0,0.0,1,701143,FRA-FCO,68.0
701146,2025-04-19,2025-04-20,2025-04-25,FRA,FCO,FRA-FCO,DE1000,240.0,0.0,3.95,2,701146,FRA-FCO,243.95
701150,2025-02-17,2025-02-19,2025-04-14,PMO,FCO,PMO-FCO,DE1002,95.62,0.0,0.0,1,701150,PMO-FCO,95.62
701163,2025-02-23,2025-02-24,2025-03-07,FCO,PMO,FCO-PMO,DE1001,180.0,13.34,9.86,2,701163,FCO-PMO,203.2
701171,2025-02-27,2025-03-02,2025-03-30,FCO,FRA,FCO → FRA,DE1003,68.0,8.88,0.0,1,701171,FCO-FRA,76.88
701206,2025-03-02,2025-03-03,2025-03-12,FCO,FRA,FCO-FRA,DE1003,80.0,17.5,7.39,1,701206,FCO-FRA,104.89
701209,2025-04-26,2025-04-30,2025-04-28,FCO,FRA,FCO-FRA,DE1003,240.0,8.89,9.33,2,701209,FCO-FRA,258.21999999999997
701234,2025-02-08,2025-02-12,2025-03-09,FCO,PMO,FCO → PMO,DE1001,76.5,0.0,2.66,1,701234,FCO-PMO,79.16
701273,2025-04-04,2025-04-07,2025-04-23,PMO,FCO,PMO → FCO,DE1002,286.88,5.12,3.68,3,701273,PMO-FCO,295.68
701280,2025-03-18,2025-03-22,2025-04-16,FCO,PMO,FCO → PMO,DE1001,95.62,0.0,6.35,1,701280,FCO-PMO,101.97
701295,2025-03-01,2025-03-02,2025-03-02,FCO,FRA,FCO-FRA,DE1003,120.0,13.71,7.76,1,701295,FCO-FRA,141.47
701297,2025-02-13,2025-02-14,2025-03-08,FCO,PMO,FCO-PMO,DE1001,229.5,12.37,0.0,3,701297,FCO-PMO,241.87
701321,2025-02-06,2025-02-09,2025-03-05,PMO,FCO,PMO-FCO,DE1002,76.5,17.52,4.07,1,701321,PMO-FCO,98.09
701364,2025-02-23,2025-02-24,2025-03-05,FCO,PMO,FCO → PMO,DE1001,90.0,18.76,5.81,1,701364,FCO-PMO,114.57000000000001
701374,2025-03-28,2025-03-29,2025-04-27,FCO,FRA,FCO → FRA,DE1003,170.0,11.79,8.39,2,701374,FCO-FRA,190.18
701375,2025-03-05,2025-03-09,2025-04-18,FCO,PMO,FCO-PMO,DE1001,191.25,13.98,8.68,2,701375,FCO-PMO,213.91
701407,2025-02-26,2025-03-02,2025-03-07,FCO,FRA,FCO-FRA,DE1003,160.0,6.6,0.0,2,701407,FCO-FRA,166.6
701423,2025-04-21,2025-04-25,2025-04-28,FRA,FCO,FRA-FCO,DE1000,288.0,0.0,6.74,3,701423,FRA-FCO,294.74
701427,2025-03-23,2025-03-25,2025-04-26,FRA,FCO,FRA → FCO,DE1000,85.0,15.33,7.03,1,701427,FRA-FCO,107.36
701459,2025-03-20,2025-03-22,2025-04-10,FCO,PMO,FCO → PMO,DE1001,76.5,16.16,6.33,1,701459,FCO-PMO,98.99
701462,2025-02-07,2025-02-11,2025-04-02,FRA,FCO,FRA-FCO,DE1000,136.0,8.72,8.27,2,701462,FRA-FCO,152.99
701471,2025-03-25,2025-03-27,2025-04-03,PMO,FCO,PMO-FCO,DE1002,180.0,19.33,3.67,2,701471,PMO-FCO,202.99999999999997
701481,2025-03-11,2025-03-15,2025-03-14,FCO,PMO,FCO-PMO,DE1001,135.0,16.07,8.73,1,701481,FCO-PMO,159.79999999999998
701484,2025-03-17,2025-03-21,2025-03-28,FCO,PMO,FCO → PMO,DE1001,90.0,19.25,2.9,1,701484,FCO-PMO,112.15
701487,2025-03-09,2025-03-13,2025-03-13,FRA,FCO,FRA-FCO,DE1000,288.0,11.67,9.56,3,701487,FRA-FCO,309.23
701500,2025-01-27,2025-01-30,2025-03-13,PMO,FCO,PMO → FCO,DE1002,76.5,0.0,0.0,1,701500,PMO-FCO,76.5
701516,2025-03-13,2025-03-17,2025-03-31,FCO,FRA,FCO → FRA,DE1003,136.0,9.53,0.0,2,701516,FCO-FRA,145.53
701547,2025-03-21,2025-03-25,2025-04-20,PMO,FCO,PMO-FCO,DE1002,95.62,14.32,7.89,1,701547,PMO-FCO,117.83
701587,2025-02-18,2025-02-19,2025-04-10,FCO,FRA,FCO-FRA,DE1003,68.0,17.77,0.0,1,701587,FCO-FRA,85.77
701589,2025-01-23,2025-01-27,2025-03-05,FCO,FRA,FCO-FRA,DE1003,204.0,13.04,7.23,3,701589,FCO-FRA,224.26999999999998
701607,2025-04-08,2025-04-11,2025-04-30,FCO,FRA,FCO-FRA,DE1003,68.0,0.0,6.23,1,701607,FCO-FRA,74.23
701638,2025-01-28,2025-01-30,2025-03-23,FCO,PMO,FCO-PMO,DE1001,229.5,7.33,0.0,3,701638,FCO-PMO,236.83
701661,2025-02-13,2025-02-16,2025-03-02,FRA,FCO,FRA → FCO,DE1000,68.0,0.0,4.46,1,701661,FRA-FCO,72.46
701676,2025-03-29,2025-03-30,2025-04-18,PMO,FCO,PMO-FCO,DE1002,286.88,12.17,7.11,3,701676,PMO-FCO,306.16
701690,2025-02-05,2025-02-07,2025-04-05,FCO,FRA,FCO → FRA,DE1003,68.0,7.95,0.0,1,701690,FCO-FRA,75.95
701696,2025-03-17,2025-03-21,2025-04-11,FCO,FRA,FCO-FRA,DE1003,68.0,7.23,8.51,1,701696,FCO-FRA,83.74000000000001
701701,2025-03-15,2025-03-19,2025-04-13,FCO,PMO,FCO-PMO,DE1001,95.62,6.21,0.0,1,701701,FCO-PMO,101.83
701706,2025-04-21,2025-04-22,2025-04-25,FCO,PMO,FCO → PMO,DE1001,270.0,15.27,9.63,2,701706,FCO-PMO,294.9
701725,2025-02-14,2025-02-16,2025-03-09,FRA,FCO,FRA-FCO,DE1000,68.0,5.1,2.54,1,701725,FRA-FCO,75.64
701734,2025-03-03,2025-03-06,2025-03-26,FRA,FCO,FRA-FCO,DE1000,68.0,12.45,0.0,1,701734,FRA-FCO,80.45
701750,2025-03-29,2025-03-31,2025-04-27,FCO,PMO,FCO-PMO,DE1001,95.62,0.0,0.0,1,701750,FCO-PMO,95.62
701773,2025-02-12,2025-02-13,2025-03-07,FCO,PMO,FCO-PMO,DE1001,76.5,14.93,8.97,1,701773,FCO-PMO,100.4
701785,2025-03-11,2025-03-12,2025-03-24,FRA,FCO,FRA-FCO,DE1000,80.0,0.0,2.87,1,701785,FRA-FCO,82.87
701797,2025-03-18,2025-03-20,2025-03-23,FCO,PMO,FCO-PMO,DE1001,324.0,14.14,7.33,3,701797,FCO-PMO,345.46999999999997
701805,2025-02-12,2025-02-14,2025-03-07,FCO,PMO,FCO-PMO,DE1001,76.5,19.79,0.0,1,701805,FCO-PMO,96.28999999999999
701815,2025-03-04,2025-03-08,2025-03-09,FCO,FRA,FCO-FRA,DE1003,96.0,18.99,3.18,1,701815,FCO-FRA,118.17
701823,2025-02-14,2025-02-16,2025-04-05,PMO,FCO,PMO-FCO,DE1002,153.0,12.96,6.73,2,701823,PMO-FCO,172.69
701836,2025-03-14,2025-03-18,2025-04-21,PMO,FCO,PMO → FCO,DE1002,191.25,18.12,4.55,2,701836,PMO-FCO,213.92000000000002
701866,2025-03-08,2025-03-10,2025-03-23,FRA,FCO,FRA-FCO,DE1000,136.0,8.29,0.0,2,701866,FRA-FCO,144.29
701870,2025-03-09,2025-03-11,2025-04-18,FCO,PMO,FCO-PMO,DE1001,95.62,7.69,7.15,1,701870,FCO-PMO,110.46000000000001
701928,2025-03-15,2025-03-16,2025-03-26,FCO,FRA,FCO-FRA,DE1003,80.0,8.23,7.65,1,701928,FCO-FRA,95.88000000000001
701936,2025-03-05,2025-03-08,2025-04-19,FRA,FCO,FRA → FCO,DE1000,85.0,16.2,4.15,1,701936,FRA-FCO,105.35000000000001
701947,2025-03-04,2025-03-08,2025-04-18,FCO,FRA,FCO → FRA,DE1003,85.0,9.63,0.0,1,701947,FCO-FRA,94.63
701971,2025-02-27,2025-03-03,2025-04-27,FCO,FRA,FCO-FRA,DE1003,255.0,18.71,2.16,3,701971,FCO-FRA,275.87
701984,2025-03-01,2025-03-05,2025-04-18,FCO,PMO,FCO-PMO,DE1001,95.62,13.96,0.0,1,701984,FCO-PMO,109.58000000000001
701986,2025-03-02,2025-03-05,2025-04-06,PMO,FCO,PMO-FCO,DE1002,76.5,6.97,6.23,1,701986,PMO-FCO,89.7
701998,2025-02-03,2025-02-04,2025-04-02,FCO,PMO,FCO → PMO,DE1001,76.5,19.08,2.56,1,701998,FCO-PMO,98.14
702002,2025-04-18,2025-04-19,2025-04-20,PMO,FCO,PMO-FCO,DE1002,168.75,0.0,7.17,1,702002,PMO-FCO,175.92
702059,2025-04-09,2025-04-13,2025-04-26,PMO,FCO,PMO-FCO,DE1002,95.62,15.85,2.31,1,702059,PMO-FCO,113.78
702071,2025-02-22,2025-02-24,2025-04-04,PMO,FCO,PMO → FCO,DE1002,76.5,0.0,0.0,1,702071,PMO-FCO,76.5
702107,2025-03-26,2025-03-28,2025-04-09,FRA,FCO,FRA-FCO,DE1000,80.0,12.52,2.2,1,702107,FRA-FCO,94.72
702115,2025-03-21,2025-03-23,2025-04-03,FCO,FRA,FCO → FRA,DE1003,160.0,9.11,0.0,2,702115,FCO-FRA,169.11
702119,2025-02-11,2025-02-15,2025-04-07,PMO,FCO,PMO-FCO,DE1002,153.0,7.34,7.86,2,702119,PMO-FCO,168.20000000000002
702145,2025-02-26,2025-02-28,2025-03-28,FCO,PMO,FCO → PMO,DE1001,153.0,16.82,8.59,2,702145,FCO-PMO,178.41
702155,2025-02-05,2025-02-07,2025-03-30,FRA,FCO,FRA-FCO,DE1000,136.0,0.0,3.0,2,702155,FRA-FCO,139.0
702169,2025-02-14,2025-02-18,2025-04-03,FRA,FCO,FRA-FCO,DE1000,136.0,5.34,9.83,2,702169,FRA-FCO,151.17000000000002
702171,2025-03-22,2025-03-24,2025-04-20,FRA,FCO,FRA-FCO,DE1000,85.0,7.7,4.03,1,702171,FRA-FCO,96.73
702183,2025-04-04,2025-04-06,2025-04-25,FCO,PMO,FCO-PMO,DE1001,95.62,0.0,8.05,1,702183,FCO-PMO,103.67
702187,2025-03-21,2025-03-25,2025-04-26,PMO,FCO,PMO-FCO,DE1002,95.62,8.32,6.61,1,702187,PMO-FCO,110.55
702214,2025-03-16,2025-03-19,2025-03-20,FCO,PMO,FCO → PMO,DE1001,108.0,15.05,8.7,1,702214,FCO-PMO,131.75
702227,2025-01-27,2025-01-31,2025-03-06,FCO,FRA,FCO → FRA,DE1003,68.0,0.0,8.9,1,702227,FCO-FRA,76.9
702290,2025-03-02,2025-03-05,2025-04-11,FRA,FCO,FRA-FCO,DE1000,204.0,17.8,0.0,3,702290,FRA-FCO,221.8
702307,2025-01-27,2025-01-28,2025-03-16,PMO,FCO,PMO-FCO,DE1002,153.0,19.01,4.01,2,702307,PMO-FCO,176.01999999999998
702342,2025-02-21,2025-02-24,2025-03-09,FCO,PMO,FCO-PMO,DE1001,229.5,0.0,0.0,3,702342,FCO-PMO,229.5
702364,2025-04-04,2025-04-05,2025-04-12,FCO,FRA,FCO-FRA,DE1003,160.0,5.16,0.0,2,702364,FCO-FRA,165.16
702366,2025-03-26,2025-03-29,2025-03-31,PMO,FCO,PMO-FCO,DE1002,108.0,0.0,0.0,1,702366,PMO-FCO,108.0
702380,2025-02-10,2025-02-14,2025-03-03,FCO,FRA,FCO-FRA,DE1003,68.0,12.64,5.78,1,702380,FCO-FRA,86.42
702394,2025-03-12,2025-03-16,2025-03-23,PMO,FCO,PMO-FCO,DE1002,180.0,0.0,6.65,2,702394,PMO-FCO,186.65
702443,2025-01-22,2025-01-25,2025-03-08,FCO,FRA,FCO → FRA,DE1003,136.0,5.71,5.65,2,702443,FCO-FRA,147.36
702447,2025-02-03,2025-02-06,2025-03-15,FCO,FRA,FCO-FRA,DE1003,68.0,19.02,9.11,1,702447,FCO-FRA,96.13
702467,2025-03-24,2025-03-25,2025-04-06,FRA,FCO,FRA-FCO,DE1000,160.0,12.97,2.68,2,702467,FRA-FCO,175.65
702481,2025-03-21,2025-03-23,2025-04-18,FRA,FCO,FRA-FCO,DE1000,255.0,0.0,3.7,3,702481,FRA-FCO,258.7
702495,2025-02-19,2025-02-21,2025-03-10,FRA,FCO,FRA-FCO,DE1000,68.0,19.64,0.0,1,702495,FRA-FCO,87.64
702507,2025-01-17,2025-01-20,2025-03-02,FCO,FRA,FCO-FRA,DE1003,136.0,13.69,7.42,2,702507,FCO-FRA,157.10999999999999
702521,2025-03-31,2025-04-02,2025-04-10,PMO,FCO,PMO-FCO,DE1002,90.0,0.0,3.95,1,702521,PMO-FCO,93.95
702581,2025-02-14,2025-02-15,2025-03-01,FRA,FCO,FRA → FCO,DE1000,68.0,10.96,6.57,1,702581,FRA-FCO,85.53
702604,2025-02-15,2025-02-18,2025-03-13,PMO,FCO,PMO-FCO,DE1002,153.0,8.0,4.56,2,702604,PMO-FCO,165.56
702611,2025-02-07,2025-02-10,2025-03-24,PMO,FCO,PMO → FCO,DE1002,76.5,0.0,9.38,1,702611,PMO-FCO,85.88
702726,2025-04-19,2025-04-23,2025-04-25,FRA,FCO,FRA-FCO,DE1000,120.0,7.33,4.82,1,702726,FRA-FCO,132.15
702729,2025-02-25,2025-02-27,2025-03-15,FRA,FCO,FRA-FCO,DE1000,136.0,15.65,9.68,2,702729,FRA-FCO,161.33
702747,2025-02-25,2025-02-26,2025-04-14,FCO,FRA,FCO → FRA,DE1003,85.0,0.0,0.0,1,702747,FCO-FRA,85.0
702757,2025-03-01,2025-03-02,2025-04-20,PMO,FCO,PMO-FCO,DE1002,95.62,14.28,0.0,1,702757,PMO-FCO,109.9
702766,2025-04-06,2025-04-09,2025-04-17,FCO,PMO,FCO-PMO,DE1001,112.5,9.06,4.5,1,702766,FCO-PMO,126.06
702782,2025-01-28,2025-01-29,2025-03-14,PMO,FCO,PMO-FCO,DE1002,76.5,19.6,2.86,1,702782,PMO-FCO,98.96
702826,2025-04-05,2025-04-07,2025-04-19,FCO,PMO,FCO-PMO,DE1001,112.5,6.27,6.31,1,702826,FCO-PMO,125.08
702828,2025-02-17,2025-02-20,2025-03-08,FRA,FCO,FRA-FCO,DE1000,136.0,0.0,7.03,2,702828,FRA-FCO,143.03
702862,2025-03-23,2025-03-26,2025-04-25,FRA,FCO,FRA-FCO,DE1000,170.0,0.0,0.0,2,702862,FRA-FCO,170.0
702886,2025-03-21,2025-03-22,2025-04-10,PMO,FCO,PMO-FCO,DE1002,153.0,9.31,7.75,2,702886,PMO-FCO,170.06
702900,2025-03-09,2025-03-10,2025-04-25,FRA,FCO,FRA-FCO,DE1000,85.0,19.7,8.54,1,702900,FRA-FCO,113.24000000000001
702914,2025-02-20,2025-02-24,2025-04-19,FCO,PMO,FCO-PMO,DE1001,95.62,8.31,6.72,1,702914,FCO-PMO,110.65
702928,2025-03-19,2025-03-23,2025-04-27,FCO,PMO,FCO-PMO,DE1001,95.62,18.35,0.0,1,702928,FCO-PMO,113.97
702931,2025-02-20,2025-02-21,2025-03-22,FRA,FCO,FRA-FCO,DE1000,136.0,5.47,5.17,2,702931,FRA-FCO,146.64
702937,2025-02-20,2025-02-23,2025-04-13,FCO,FRA,FCO-FRA,DE1003,85.0,18.68,0.0,1,702937,FCO-FRA,103.68
702938,2025-03-27,2025-03-31,2025-04-09,FCO,FRA,FCO → FRA,DE1003,160.0,12.73,8.05,2,702938,FCO-FRA,180.78
702939,2025-02-06,2025-02-09,2025-03-01,PMO,FCO,PMO-FCO,DE1002,76.5,18.66,3.0,1,702939,PMO-FCO,98.16
702941,2025-04-04,2025-04-05,2025-04-07,FCO,PMO,FCO → PMO,DE1001,135.0,7.32,7.23,1,702941,FCO-PMO,149.54999999999998
702948,2025-02-20,2025-02-21,2025-04-16,PMO,FCO,PMO-FCO,DE1002,286.88,0.0,6.55,3,702948,PMO-FCO,293.43
702976,2025-01-30,2025-02-01,2025-03-19,FCO,PMO,FCO-PMO,DE1001,153.0,8.22,0.0,2,702976,FCO-PMO,161.22
702989,2025-03-11,2025-03-14,2025-04-26,FRA,FCO,FRA → FCO,DE1000,255.0,0.0,6.82,3,702989,FRA-FCO,261.82
703067,2025-02-15,2025-02-19,2025-03-01,FCO,PMO,FCO → PMO,DE1001,180.0,0.0,6.19,2,703067,FCO-PMO,186.19
703070,2025-03-20,2025-03-24,2025-04-30,FCO,PMO,FCO-PMO,DE1001,76.5,13.06,9.87,1,703070,FCO-PMO,99.43
703078,2025-03-02,2025-03-05,2025-03-27,FCO,FRA,FCO-FRA,DE1003,136.0,19.53,0.0,2,703078,FCO-FRA,155.53
703121,2025-02-09,2025-02-12,2025-03-30,PMO,FCO,PMO → FCO,DE1002,153.0,13.14,2.48,2,703121,PMO-FCO,168.61999999999998
703124,2025-03-22,2025-03-26,2025-04-20,FCO,PMO,FCO-PMO,DE1001,286.88,19.55,6.56,3,703124,FCO-PMO,312.99
703130,2025-03-02,2025-03-05,2025-04-20,FRA,FCO,FRA-FCO,DE1000,170.0,5.32,2.46,2,703130,FRA-FCO,177.78
703156,2025-01-16,2025-01-20,2025-03-07,FCO,FRA,FCO → FRA,DE1003,136.0,0.0,0.0,2,703156,FCO-FRA,136.0
703174,2025-01-30,2025-01-31,2025-03-07,FCO,FRA,FCO-FRA,DE1003,68.0,0.0,9.36,1,703174,FCO-FRA,77.36
703192,2025-03-05,2025-03-09,2025-04-06,PMO,FCO,PMO → FCO,DE1002,76.5,14.08,0.0,1,703192,PMO-FCO,90.58
703253,2025-02-20,2025-02-21,2025-04-05,FRA,FCO,FRA → FCO,DE1000,136.0,0.0,5.15,2,703253,FRA-FCO,141.15
703263,2025-03-31,2025-04-04,2025-04-17,FCO,FRA,FCO → FRA,DE1003,85.0,0.0,8.15,1,703263,FCO-FRA,93.15
703267,2025-03-12,2025-03-14,2025-03-31,PMO,FCO,PMO → FCO,DE1002,76.5,14.86,2.23,1,703267,PMO-FCO,93.59
703283,2025-02-04,2025-02-06,2025-03-07,FCO,FRA,FCO-FRA,DE1003,136.0,9.96,5.87,2,703283,FCO-FRA,151.83
703298,2025-03-14,2025-03-17,2025-04-26,FCO,PMO,FCO-PMO,DE1001,95.62,15.28,0.0,1,703298,FCO-PMO,110.9
703303,2025-04-18,2025-04-21,2025-04-25,PMO,FCO,PMO → FCO,DE1002,135.0,0.0,0.0,1,703303,PMO-FCO,135.0
703318,2025-03-10,2025-03-14,2025-04-20,FRA,FCO,FRA-FCO,DE1000,170.0,10.58,8.65,2,703318,FRA-FCO,189.23000000000002
703324,2025-03-31,2025-04-03,2025-04-11,PMO,FCO,PMO-FCO,DE1002,90.0,12.85,7.54,1,703324,PMO-FCO,110.39
703344,2025-02-16,2025-02-20,2025-03-19,FCO,PMO,FCO → PMO,DE1001,153.0,0.0,5.96,2,703344,FCO-PMO,158.96
703375,2025-02-18,2025-02-20,2025-03-03,PMO,FCO,PMO-FCO,DE1002,180.0,7.68,0.0,2,703375,PMO-FCO,187.68
703393,2025-02-18,2025-02-22,2025-04-10,FCO,FRA,FCO-FRA,DE1003,136.0,17.08,4.78,2,703393,FCO-FRA,157.85999999999999
703431,2025-02-18,2025-02-19,2025-03-15,PMO,FCO,PMO-FCO,DE1002,76.5,18.15,0.0,1,703431,PMO-FCO,94.65
703467,2025-02-24,2025-02-26,2025-04-09,FCO,PMO,FCO-PMO,DE1001,76.5,16.11,7.36,1,703467,FCO-PMO,99.97
703472,2025-04-12,2025-04-15,2025-04-14,FCO,PMO,FCO-PMO,DE1001,168.75,19.07,6.21,1,703472,FCO-PMO,194.03
703507,2025-01-30,2025-01-31,2025-03-23,PMO,FCO,PMO-FCO,DE1002,153.0,0.0,0.0,2,703507,PMO-FCO,153.0
703544,2025-03-21,2025-03-22,2025-04-25,FCO,PMO,FCO-PMO,DE1001,191.25,0.0,8.41,2,703544,FCO-PMO,199.66
703557,2025-02-22,2025-02-26,2025-04-12,PMO,FCO,PMO-FCO,DE1002,153.0,16.38,6.31,2,703557,PMO-FCO,175.69
703607,2025-03-21,2025-03-23,2025-04-12,PMO,FCO,PMO-FCO,DE1002,76.5,19.1,6.22,1,703607,PMO-FCO,101.82
703619,2025-03-06,2025-03-08,2025-03-31,PMO,FCO,PMO-FCO,DE1002,76.5,11.67,9.93,1,703619,PMO-FCO,98.1
703627,2025-03-16,2025-03-20,2025-04-11,PMO,FCO,PMO-FCO,DE1002,76.5,10.23,7.75,1,703627,PMO-FCO,94.48
703651,2025-03-10,2025-03-13,2025-04-17,FRA,FCO,FRA → FCO,DE1000,85.0,6.77,5.82,1,703651,FRA-FCO,97.59
703666,2025-03-23,2025-03-25,2025-03-28,FCO,PMO,FCO-PMO,DE1001,108.0,0.0,7.29,1,703666,FCO-PMO,115.29
703688,2025-04-06,2025-04-07,2025-04-23,FRA,FCO,FRA-FCO,DE1000,85.0,17.23,0.0,1,703688,FRA-FCO,102.23
703700,2025-03-28,2025-03-31,2025-04-03,PMO,FCO,PMO → FCO,DE1002,108.0,16.21,8.14,1,703700,PMO-FCO,132.35000000000002
703709,2025-02-15,2025-02-17,2025-04-09,PMO,FCO,PMO-FCO,DE1002,153.0,5.78,5.12,2,703709,PMO-FCO,163.9
703745,2025-02-19,2025-02-22,2025-03-12,PMO,FCO,PMO → FCO,DE1002,76.5,18.05,5.15,1,703745,PMO-FCO,99.7
703753,2025-03-27,2025-03-28,2025-03-30,FCO,PMO,FCO-PMO,DE1001,135.0,6.8,9.75,1,703753,FCO-PMO,151.55
703768,2025-03-19,2025-03-22,2025-04-05,FCO,FRA,FCO-FRA,DE1003,68.0,15.15,9.44,1,703768,FCO-FRA,92.59
703790,2025-02-02,2025-02-06,2025-03-03,FCO,FRA,FCO-FRA,DE1003,68.0,5.01,9.82,1,703790,FCO-FRA,82.83000000000001
703802,2025-01-17,2025-01-20,2025-03-13,PMO,FCO,PMO → FCO,DE1002,76.5,13.99,3.97,1,703802,PMO-FCO,94.46
703820,2025-02-22,2025-02-23,2025-04-06,PMO,FCO,PMO-FCO,DE1002,76.5,0.0,0.0,1,703820,PMO-FCO,76.5
703828,2025-01-20,2025-01-22,2025-03-20,PMO,FCO,PMO → FCO,DE1002,76.5,18.47,0.0,1,703828,PMO-FCO,94.97
703838,2025-04-08,2025-04-09,2025-04-18,FCO,PMO,FCO-PMO,DE1001,337.5,7.7,0.0,3,703838,FCO-PMO,345.2
703852,2025-03-09,2025-03-12,2025-03-13,FRA,FCO,FRA → FCO,DE1000,288.0,5.89,5.24,3,703852,FRA-FCO,299.13
703858,2025-03-15,2025-03-18,2025-04-21,FRA,FCO,FRA → FCO,DE1000,170.0,0.0,8.49,2,703858,FRA-FCO,178.49
703859,2025-02-17,2025-02-20,2025-04-17,FCO,PMO,FCO-PMO,DE1001,191.25,13.04,7.46,2,703859,FCO-PMO,211.75
703895,2025-02-23,2025-02-26,2025-03-12,PMO,FCO,PMO-FCO,DE1002,76.5,11.41,9.4,1,703895,PMO-FCO,97.31
703896,2025-02-26,2025-02-28,2025-03-20,FCO,PMO,FCO → PMO,DE1001,76.5,15.47,4.05,1,703896,FCO-PMO,96.02
703906,2025-03-05,2025-03-07,2025-04-09,FRA,FCO,FRA-FCO,DE1000,136.0,15.01,0.0,2,703906,FRA-FCO,151.01
703910,2025-02-25,2025-03-01,2025-03-28,FCO,PMO,FCO-PMO,DE1001,153.0,0.0,3.91,2,703910,FCO-PMO,156.91
703926,2025-04-02,2025-04-05,2025-04-25,FCO,FRA,FCO → FRA,DE1003,170.0,6.76,4.15,2,703926,FCO-FRA,180.91
703938,2025-02-08,2025-02-10,2025-03-16,FCO,PMO,FCO-PMO,DE1001,153.0,19.3,0.0,2,703938,FCO-PMO,172.3
703953,2025-02-24,2025-02-25,2025-03-03,PMO,FCO,PMO → FCO,DE1002,108.0,18.3,0.0,1,703953,PMO-FCO,126.3
703955,2025-02-22,2025-02-25,2025-03-07,FCO,FRA,FCO-FRA,DE1003,160.0,19.98,3.52,2,703955,FCO-FRA,183.5
703959,2025-03-01,2025-03-04,2025-03-29,FRA,FCO,FRA → FCO,DE1000,68.0,0.0,6.61,1,703959,FRA-FCO,74.61
703980,2025-02-25,2025-02-26,2025-03-01,FCO,PMO,FCO-PMO,DE1001,108.0,19.14,9.29,1,703980,FCO-PMO,136.43
704009,2025-02-12,2025-02-14,2025-03-12,FCO,PMO,FCO-PMO,DE1001,229.5,17.81,8.81,3,704009,FCO-PMO,256.12
704037,2025-02-22,2025-02-24,2025-03-12,FCO,PMO,FCO-PMO,DE1001,229.5,0.0,8.01,3,704037,FCO-PMO,237.51
704072,2025-03-28,2025-03-30,2025-04-18,FCO,FRA,FCO → FRA,DE1003,85.0,9.13,9.48,1,704072,FCO-FRA,103.61
704074,2025-04-17,2025-04-21,2025-04-26,FCO,FRA,FCO-FRA,DE1003,200.0,13.84,5.73,2,704074,FCO-FRA,219.57
704080,2025-02-26,2025-02-27,2025-03-27,FCO,PMO,FCO-PMO,DE1001,76.5,16.92,7.13,1,704080,FCO-PMO,100.55
704121,2025-01-31,2025-02-02,2025-03-23,FCO,PMO,FCO-PMO,DE1001,229.5,5.91,6.47,3,704121,FCO-PMO,241.88
704143,2025-03-31,2025-04-02,2025-04-21,FCO,PMO,FCO-PMO,DE1001,286.88,11.76,0.0,3,704143,FCO-PMO,298.64
704162,2025-03-24,2025-03-28,2025-04-27,FCO,FRA,FCO → FRA,DE1003,255.0,17.15,7.71,3,704162,FCO-FRA,279.85999999999996
704165,2025-03-30,2025-04-03,2025-04-21,FCO,FRA,FCO-FRA,DE1003,85.0,5.03,0.0,1,704165,FCO-FRA,90.03
704184,2025-01-22,2025-01-23,2025-03-15,FRA,FCO,FRA → FCO,DE1000,68.0,8.58,7.8,1,704184,FRA-FCO,84.38
704187,2025-03-20,2025-03-21,2025-03-24,FRA,FCO,FRA → FCO,DE1000,192.0,13.02,0.0,2,704187,FRA-FCO,205.02
704195,2025-02-12,2025-02-16,2025-04-07,FCO,FRA,FCO → FRA,DE1003,136.0,18.88,8.19,2,704195,FCO-FRA,163.07
704203,2025-03-10,2025-03-12,2025-03-27,PMO,FCO,PMO-FCO,DE1002,76.5,0.0,6.78,1,704203,PMO-FCO,83.28
704223,2025-02-22,2025-02-25,2025-03-01,FCO,PMO,FCO-PMO,DE1001,108.0,5.92,9.22,1,704223,FCO-PMO,123.14
704288,2025-03-24,2025-03-26,2025-04-20,FRA,FCO,FRA → FCO,DE1000,255.0,14.35,4.36,3,704288,FRA-FCO,273.71000000000004
704318,2025-02-22,2025-02-23,2025-04-18,FCO,PMO,FCO-PMO,DE1001,95.62,0.0,2.11,1,704318,FCO-PMO,97.73
704341,2025-02-28,2025-03-02,2025-04-20,FRA,FCO,FRA-FCO,DE1000,85.0,0.0,2.25,1,704341,FRA-FCO,87.25
704347,2025-02-27,2025-02-28,2025-04-23,FCO,PMO,FCO-PMO,DE1001,95.62,9.32,0.0,1,704347,FCO-PMO,104.94
704353,2025-03-25,2025-03-27,2025-04-17,PMO,FCO,PMO → FCO,DE1002,286.88,17.06,7.59,3,704353,PMO-FCO,311.53
704366,2025-03-06,2025-03-07,2025-04-02,FRA,FCO,FRA → FCO,DE1000,68.0,12.98,0.0,1,704366,FRA-FCO,80.98
704436,2025-02-12,2025-02-16,2025-04-09,FRA,FCO,FRA-FCO,DE1000,68.0,7.47,8.94,1,704436,FRA-FCO,84.41
704457,2025-01-19,2025-01-20,2025-03-02,FRA,FCO,FRA → FCO,DE1000,136.0,0.0,4.97,2,704457,FRA-FCO,140.97
704496,2025-01-23,2025-01-24,2025-03-23,FCO,PMO,FCO-PMO,DE1001,76.5,10.88,5.34,1,704496,FCO-PMO,92.72
704584,2025-03-19,2025-03-21,2025-03-26,PMO,FCO,PMO-FCO,DE1002,108.0,5.99,2.32,1,704584,PMO-FCO,116.30999999999999
704590,2025-03-14,2025-03-18,2025-04-10,FRA,FCO,FRA-FCO,DE1000,136.0,0.0,5.74,2,704590,FRA-FCO,141.74
704680,2025-02-08,2025-02-10,2025-03-10,FCO,PMO,FCO → PMO,DE1001,76.5,10.4,3.63,1,704680,FCO-PMO,90.53
704681,2025-02-12,2025-02-14,2025-04-11,PMO,FCO,PMO-FCO,DE1002,76.5,16.82,0.0,1,704681,PMO-FCO,93.32
704704,2025-03-01,2025-03-04,2025-03-26,FCO,PMO,FCO-PMO,DE1001,76.5,0.0,0.0,1,704704,FCO-PMO,76.5
704706,2025-03-07,2025-03-11,2025-04-28,FCO,FRA,FCO-FRA,DE1003,68.0,8.66,0.0,1,704706,FCO-FRA,76.66
704715,2025-03-03,2025-03-06,2025-04-23,FCO,PMO,FCO-PMO,DE1001,191.25,0.0,8.08,2,704715,FCO-PMO,199.33
704721,2025-04-14,2025-04-15,2025-04-26,FCO,FRA,FCO-FRA,DE1003,100.0,16.46,6.04,1,704721,FCO-FRA,122.50000000000001
704750,2025-01-11,2025-01-13,2025-03-06,PMO,FCO,PMO-FCO,DE1002,76.5,16.69,0.0,1,704750,PMO-FCO,93.19
704764,2025-01-30,2025-02-03,2025-03-10,PMO,FCO,PMO-FCO,DE1002,153.0,11.25,3.48,2,704764,PMO-FCO,167.73
704795,2025-02-28,2025-03-02,2025-04-07,PMO,FCO,PMO-FCO,DE1002,229.5,0.0,7.4,3,704795,PMO-FCO,236.9
704798,2025-01-29,2025-02-02,2025-03-29,FCO,PMO,FCO-PMO,DE1001,153.0,10.54,0.0,2,704798,FCO-PMO,163.54
704812,2025-02-07,2025-02-09,2025-04-04,FCO,FRA,FCO-FRA,DE1003,136.0,19.68,0.0,2,704812,FCO-FRA,155.68
704864,2025-02-20,2025-02-21,2025-04-12,FCO,FRA,FCO-FRA,DE1003,68.0,0.0,4.24,1,704864,FCO-FRA,72.24
704882,2025-02-13,2025-02-15,2025-04-05,FCO,PMO,FCO-PMO,DE1001,76.5,10.99,4.73,1,704882,FCO-PMO,92.22
705019,2025-01-27,2025-01-30,2025-03-26,FCO,PMO,FCO-PMO,DE1001,76.5,9.19,2.78,1,705019,FCO-PMO,88.47
705022,2025-04-03,2025-04-07,2025-04-12,PMO,FCO,PMO-FCO,DE1002,90.0,0.0,0.0,1,705022,PMO-FCO,90.0
705029,2025-02-22,2025-02-25,2025-04-16,PMO,FCO,PMO-FCO,DE1002,95.62,0.0,4.76,1,705029,PMO-FCO,100.38000000000001
705066,2025-03-18,2025-03-19,2025-04-16,FRA,FCO,FRA-FCO,DE1000,170.0,12.56,3.27,2,705066,FRA-FCO,185.83
705074,2025-01-31,2025-02-04,2025-03-06,PMO,FCO,PMO-FCO,DE1002,153.0,18.72,0.0,2,705074,PMO-FCO,171.72
705085,2025-02-11,2025-02-15,2025-04-07,FCO,PMO,FCO-PMO,DE1001,229.5,8.34,4.12,3,705085,FCO-PMO,241.96
705107,2025-02-16,2025-02-17,2025-03-10,PMO,FCO,PMO-FCO,DE1002,76.5,9.93,6.5,1,705107,PMO-FCO,92.93
705141,2025-03-30,2025-04-03,2025-04-05,FRA,FCO,FRA-FCO,DE1000,288.0,9.92,6.22,3,705141,FRA-FCO,304.14000000000004
705181,2025-01-23,2025-01-25,2025-03-19,PMO,FCO,PMO-FCO,DE1002,76.5,10.71,2.94,1,705181,PMO-FCO,90.15
705213,2025-02-20,2025-02-23,2025-03-06,PMO,FCO,PMO → FCO,DE1002,90.0,0.0,7.07,1,705213,PMO-FCO,97.07
705217,2025-04-20,2025-04-24,2025-04-26,FCO,PMO,FCO → PMO,DE1001,135.0,12.47,5.94,1,705217,FCO-PMO,153.41
705224,2025-03-21,2025-03-23,2025-04-04,PMO,FCO,PMO-FCO,DE1002,90.0,0.0,0.0,1,705224,PMO-FCO,90.0
705231,2025-03-26,2025-03-28,2025-04-06,FRA,FCO,FRA-FCO,DE1000,80.0,17.72,8.64,1,705231,FRA-FCO,106.36
705252,2025-03-03,2025-03-05,2025-04-25,FCO,FRA,FCO-FRA,DE1003,170.0,0.0,8.47,2,705252,FCO-FRA,178.47
705286,2025-02-23,2025-02-27,2025-03-30,FRA,FCO,FRA-FCO,DE1000,68.0,19.14,0.0,1,705286,FRA-FCO,87.14
705294,2025-02-19,2025-02-23,2025-03-12,FRA,FCO,FRA-FCO,DE1000,136.0,14.66,6.33,2,705294,FRA-FCO,156.99
705314,2025-03-15,2025-03-19,2025-04-18,FCO,FRA,FCO → FRA,DE1003,255.0,12.21,7.24,3,705314,FCO-FRA,274.45
705326,2025-03-18,2025-03-19,2025-04-03,FCO,PMO,FCO → PMO,DE1001,76.5,10.62,0.0,1,705326,FCO-PMO,87.12
705329,2025-02-16,2025-02-19,2025-04-13,FCO,PMO,FCO-PMO,DE1001,191.25,14.57,0.0,2,705329,FCO-PMO,205.82
705343,2025-02-16,2025-02-20,2025-03-30,PMO,FCO,PMO-FCO,DE1002,76.5,9.92,9.62,1,705343,PMO-FCO,96.04
705368,2025-04-04,2025-04-08,2025-04-26,PMO,FCO,PMO → FCO,DE1002,95.62,15.51,5.36,1,705368,PMO-FCO,116.49000000000001
705377,2025-03-03,2025-03-06,2025-03-13,FCO,FRA,FCO-FRA,DE1003,80.0,6.27,6.28,1,705377,FCO-FRA,92.55
705384,2025-01-12,2025-01-13,2025-03-12,PMO,FCO,PMO-FCO,DE1002,76.5,0.0,9.13,1,705384,PMO-FCO,85.63
705387,2025-02-19,2025-02-20,2025-03-02,FCO,FRA,FCO → FRA,DE1003,80.0,7.94,6.72,1,705387,FCO-FRA,94.66
705397,2025-03-16,2025-03-18,2025-03-24,FRA,FCO,FRA-FCO,DE1000,80.0,9.88,3.46,1,705397,FRA-FCO,93.33999999999999
705409,2025-03-08,2025-03-11,2025-04-20,FCO,FRA,FCO → FRA,DE1003,85.0,13.75,6.86,1,705409,FCO-FRA,105.61
705426,2025-03-11,2025-03-12,2025-03-19,FCO,FRA,FCO-FRA,DE1003,160.0,5.68,8.06,2,705426,FCO-FRA,173.74
705469,2025-02-15,2025-02-19,2025-04-02,PMO,FCO,PMO-FCO,DE1002,229.5,0.0,6.67,3,705469,PMO-FCO,236.17
705481,2025-01-21,2025-01-25,2025-03-02,FRA,FCO,FRA-FCO,DE1000,68.0,0.0,0.0,1,705481,FRA-FCO,68.0
705501,2025-02-13,2025-02-17,2025-04-11,PMO,FCO,PMO-FCO,DE1002,76.5,19.73,0.0,1,705501,PMO-FCO,96.23
705516,2025-02-04,2025-02-05,2025-03-29,PMO,FCO,PMO-FCO,DE1002,76.5,0.0,2.67,1,705516,PMO-FCO,79.17
705564,2025-03-15,2025-03-18,2025-04-21,FRA,FCO,FRA-FCO,DE1000,170.0,11.5,0.0,2,705564,FRA-FCO,181.5
705577,2025-02-08,2025-02-11,2025-03-22,PMO,FCO,PMO-FCO,DE1002,76.5,0.0,0.0,1,705577,PMO-FCO,76.5
705591,2025-04-01,2025-04-02,2025-04-27,FRA,FCO,FRA-FCO,DE1000,170.0,13.38,8.32,2,705591,FRA-FCO,191.7
705631,2025-02-03,2025-02-04,2025-03-01,FCO,FRA,FCO-FRA,DE1003,68.0,0.0,6.59,1,705631,FCO-FRA,74.59
705656,2025-02-20,2025-02-24,2025-03-23,PMO,FCO,PMO-FCO,DE1002,229.5,19.49,6.14,3,705656,PMO-FCO,255.13
705669,2025-02-21,2025-02-24,2025-04-19,FCO,FRA,FCO-FRA,DE1003,85.0,0.0,4.16,1,705669,FCO-FRA,89.16
705697,2025-03-03,2025-03-07,2025-03-06,PMO,FCO,PMO-FCO,DE1002,135.0,8.6,0.0,1,705697,PMO-FCO,143.6
705704,2025-03-02,2025-03-05,2025-04-25,PMO,FCO,PMO-FCO,DE1002,286.88,15.22,0.0,3,705704,PMO-FCO,302.1
705757,2025-03-23,2025-03-25,2025-04-30,FCO,FRA,FCO-FRA,DE1003,136.0,0.0,9.35,2,705757,FCO-FRA,145.35
705775,2025-02-15,2025-02-16,2025-03-26,PMO,FCO,PMO-FCO,DE1002,76.5,0.0,7.21,1,705775,PMO-FCO,83.71
705784,2025-02-21,2025-02-25,2025-03-10,FCO,FRA,FCO-FRA,DE1003,68.0,12.69,6.66,1,705784,FCO-FRA,87.35
705825,2025-02-20,2025-02-24,2025-03-22,FCO,PMO,FCO → PMO,DE1001,76.5,13.52,0.0,1,705825,FCO-PMO,90.02
705863,2025-03-11,2025-03-15,2025-04-11,PMO,FCO,PMO-FCO,DE1002,153.0,0.0,9.64,2,705863,PMO-FCO,162.64
705885,2025-02-18,2025-02-22,2025-04-12,FRA,FCO,FRA → FCO,DE1000,136.0,6.63,8.48,2,705885,FRA-FCO,151.10999999999999
705894,2025-03-03,2025-03-07,2025-03-20,FCO,PMO,FCO-PMO,DE1001,76.5,9.6,9.24,1,705894,FCO-PMO,95.33999999999999
705934,2025-04-10,2025-04-12,2025-04-18,FCO,FRA,FCO-FRA,DE1003,300.0,0.0,9.39,3,705934,FCO-FRA,309.39
705971,2025-01-25,2025-01-27,2025-03-05,FCO,PMO,FCO-PMO,DE1001,76.5,0.0,4.94,1,705971,FCO-PMO,81.44
705976,2025-02-08,2025-02-12,2025-03-23,FCO,PMO,FCO-PMO,DE1001,153.0,10.9,0.0,2,705976,FCO-PMO,163.9
706003,2025-03-03,2025-03-06,2025-03-27,FCO,FRA,FCO-FRA,DE1003,68.0,17.39,8.87,1,706003,FCO-FRA,94.26
706015,2025-01-13,2025-01-16,2025-03-01,FCO,PMO,FCO → PMO,DE1001,153.0,9.8,3.37,2,706015,FCO-PMO,166.17000000000002
706023,2025-03-13,2025-03-15,2025-04-04,FCO,FRA,FCO-FRA,DE1003,68.0,17.8,4.49,1,706023,FCO-FRA,90.28999999999999
706026,2025-02-17,2025-02-20,2025-03-23,FCO,PMO,FCO-PMO,DE1001,229.5,0.0,0.0,3,706026,FCO-PMO,229.5
706032,2025-01-20,2025-01-24,2025-03-10,PMO,FCO,PMO-FCO,DE1002,76.5,0.0,7.79,1,706032,PMO-FCO,84.29
706049,2025-02-28,2025-03-04,2025-04-07,FCO,FRA,FCO-FRA,DE1003,136.0,0.0,3.27,2,706049,FCO-FRA,139.27
706077,2025-01-26,2025-01-29,2025-03-01,FRA,FCO,FRA-FCO,DE1000,68.0,13.05,0.0,1,706077,FRA-FCO,81.05
706107,2025-02-12,2025-02-16,2025-03-26,PMO,FCO,PMO → FCO,DE1002,153.0,19.04,0.0,2,706107,PMO-FCO,172.04
706142,2025-03-20,2025-03-24,2025-03-30,FCO,PMO,FCO-PMO,DE1001,90.0,9.24,5.57,1,706142,FCO-PMO,104.81
706144,2025-01-12,2025-01-14,2025-03-12,PMO,FCO,PMO-FCO,DE1002,76.5,0.0,4.63,1,706144,PMO-FCO,81.13
706171,2025-03-09,2025-03-10,2025-04-05,FCO,PMO,FCO-PMO,DE1001,76.5,0.0,0.0,1,706171,FCO-PMO,76.5
706216,2025-03-03,2025-03-04,2025-04-02,PMO,FCO,PMO-FCO,DE1002,76.5,0.0,7.79,1,706216,PMO-FCO,84.29
706245,2025-02-21,2025-02-24,2025-04-18,FCO,PMO,FCO → PMO,DE1001,286.88,5.94,5.52,3,706245,FCO-PMO,298.34
706271,2025-03-08,2025-03-09,2025-03-19,PMO,FCO,PMO-FCO,DE1002,180.0,17.73,8.69,2,706271,PMO-FCO,206.42
706303,2025-03-16,2025-03-17,2025-03-19,FCO,PMO,FCO → PMO,DE1001,135.0,8.54,6.24,1,706303,FCO-PMO,149.78
706350,2025-03-19,2025-03-23,2025-03-21,FCO,FRA,FCO → FRA,DE1003,240.0,6.59,0.0,2,706350,FCO-FRA,246.59
706375,2025-02-25,2025-03-01,2025-04-06,FRA,FCO,FRA-FCO,DE1000,136.0,6.7,7.24,2,706375,FRA-FCO,149.94
706381,2025-03-04,2025-03-07,2025-04-05,FRA,FCO,FRA → FCO,DE1000,68.0,16.41,3.69,1,706381,FRA-FCO,88.1
706400,2025-02-24,2025-02-28,2025-03-14,FCO,FRA,FCO → FRA,DE1003,136.0,0.0,5.37,2,706400,FCO-FRA,141.37
706406,2025-02-07,2025-02-11,2025-03-24,FCO,FRA,FCO-FRA,DE1003,68.0,7.42,9.29,1,706406,FCO-FRA,84.71000000000001
706420,2025-02-24,2025-02-28,2025-03-08,FCO,FRA,FCO → FRA,DE1003,80.0,14.78,7.59,1,706420,FCO-FRA,102.37
706497,2025-03-06,2025-03-10,2025-03-24,FRA,FCO,FRA-FCO,DE1000,68.0,0.0,0.0,1,706497,FRA-FCO,68.0
706503,2025-02-08,2025-02-10,2025-03-27,FRA,FCO,FRA-FCO,DE1000,68.0,7.06,2.74,1,706503,FRA-FCO,77.8
706540,2025-03-21,2025-03-23,2025-03-26,FCO,PMO,FCO → PMO,DE1001,108.0,5.93,3.15,1,706540,FCO-PMO,117.08000000000001
706611,2025-03-19,2025-03-20,2025-03-23,PMO,FCO,PMO-FCO,DE1002,108.0,8.93,0.0,1,706611,PMO-FCO,116.93
706612,2025-02-20,2025-02-22,2025-03-27,FCO,FRA,FCO → FRA,DE1003,136.0,6.95,4.15,2,706612,FCO-FRA,147.1
706622,2025-03-18,2025-03-20,2025-04-04,PMO,FCO,PMO → FCO,DE1002,229.5,15.05,8.18,3,706622,PMO-FCO,252.73000000000002
706626,2025-03-17,2025-03-20,2025-04-09,FCO,PMO,FCO-PMO,DE1001,76.5,0.0,3.65,1,706626,FCO-PMO,80.15
706637,2025-03-04,2025-03-07,2025-03-30,FCO,PMO,FCO → PMO,DE1001,76.5,0.0,4.01,1,706637,FCO-PMO,80.51
706642,2025-01-27,2025-01-29,2025-03-19,PMO,FCO,PMO → FCO,DE1002,76.5,17.57,6.68,1,706642,PMO-FCO,100.75
706651,2025-02-16,2025-02-18,2025-03-31,FCO,PMO,FCO-PMO,DE1001,153.0,0.0,0.0,2,706651,FCO-PMO,153.0
706657,2025-02-23,2025-02-25,2025-03-07,FRA,FCO,FRA-FCO,DE1000,160.0,13.94,9.45,2,706657,FRA-FCO,183.39
706664,2025-02-21,2025-02-24,2025-04-09,FCO,FRA,FCO-FRA,DE1003,68.0,15.68,6.74,1,706664,FCO-FRA,90.42
706670,2025-02-22,2025-02-25,2025-03-23,PMO,FCO,PMO-FCO,DE1002,76.5,11.93,0.0,1,706670,PMO-FCO,88.43
706684,2025-02-08,2025-02-11,2025-03-15,FRA,FCO,FRA → FCO,DE1000,68.0,13.25,7.83,1,706684,FRA-FCO,89.08
706689,2025-01-31,2025-02-04,2025-03-27,FRA,FCO,FRA-FCO,DE1000,68.0,17.3,4.87,1,706689,FRA-FCO,90.17
706700,2025-01-19,2025-01-21,2025-03-16,FCO,PMO,FCO-PMO,DE1001,76.5,12.32,7.28,1,706700,FCO-PMO,96.1
706703,2025-03-11,2025-03-13,2025-04-06,FRA,FCO,FRA → FCO,DE1000,68.0,6.35,8.69,1,706703,FRA-FCO,83.03999999999999
706716,2025-02-24,2025-02-27,2025-03-02,PMO,FCO,PMO → FCO,DE1002,216.0,11.45,5.69,2,706716,PMO-FCO,233.14
706728,2025-01-27,2025-01-28,2025-03-22,PMO,FCO,PMO → FCO,DE1002,76.5,0.0,0.0,1,706728,PMO-FCO,76.5
706754,2025-02-05,2025-02-06,2025-03-03,FCO,PMO,FCO-PMO,DE1001,153.0,14.01,4.99,2,706754,FCO-PMO,172.0
706800,2025-02-19,2025-02-21,2025-03-28,FCO,PMO,FCO-PMO,DE1001,153.0,9.72,2.19,2,706800,FCO-PMO,164.91
706829,2025-01-22,2025-01-23,2025-03-05,FCO,PMO,FCO-PMO,DE1001,153.0,10.17,2.89,2,706829,FCO-PMO,166.05999999999997
706831,2025-02-28,2025-03-02,2025-03-17,PMO,FCO,PMO-FCO,DE1002,76.5,7.22,4.69,1,706831,PMO-FCO,88.41
706852,2025-03-16,2025-03-18,2025-03-17,FCO,FRA,FCO-FRA,DE1003,240.0,0.0,9.78,2,706852,FCO-FRA,249.78
706892,2025-04-10,2025-04-12,2025-04-25,PMO,FCO,PMO-FCO,DE1002,95.62,14.78,2.79,1,706892,PMO-FCO,113.19000000000001
706895,2025-03-19,2025-03-20,2025-04-12,FCO,FRA,FCO-FRA,DE1003,136.0,10.86,0.0,2,706895,FCO-FRA,146.86
706913,2025-02-09,2025-02-10,2025-03-29,FRA,FCO,FRA → FCO,DE1000,136.0,6.38,4.81,2,706913,FRA-FCO,147.19
706919,2025-02-16,2025-02-19,2025-04-04,FCO,FRA,FCO-FRA,DE1003,136.0,19.27,2.71,2,706919,FCO-FRA,157.98000000000002
706936,2025-01-06,2025-01-08,2025-03-03,PMO,FCO,PMO → FCO,DE1002,153.0,13.3,3.4,2,706936,PMO-FCO,169.70000000000002
706937,2025-02-07,2025-02-09,2025-03-19,PMO,FCO,PMO-FCO,DE1002,76.5,18.46,2.18,1,706937,PMO-FCO,97.14000000000001
706965,2025-04-15,2025-04-16,2025-04-21,FCO,FRA,FCO-FRA,DE1003,120.0,7.47,4.08,1,706965,FCO-FRA,131.55
707013,2025-01-17,2025-01-20,2025-03-14,FRA,FCO,FRA → FCO,DE1000,136.0,15.56,2.85,2,707013,FRA-FCO,154.41
707033,2025-03-02,2025-03-03,2025-04-10,PMO,FCO,PMO → FCO,DE1002,76.5,0.0,2.95,1,707033,PMO-FCO,79.45
707084,2025-01-28,2025-01-29,2025-03-14,PMO,FCO,PMO → FCO,DE1002,76.5,8.61,4.16,1,707084,PMO-FCO,89.27
707118,2025-02-09,2025-02-11,2025-03-23,FCO,PMO,FCO-PMO,DE1001,76.5,18.76,2.67,1,707118,FCO-PMO,97.93
707124,2025-02-11,2025-02-15,2025-03-26,FCO,PMO,FCO-PMO,DE1001,153.0,0.0,0.0,2,707124,FCO-PMO,153.0
707128,2025-02-28,2025-03-03,2025-04-26,FCO,PMO,FCO-PMO,DE1001,286.88,0.0,0.0,3,707128,FCO-PMO,286.88
707130,2025-04-04,2025-04-06,2025-04-28,FCO,FRA,FCO-FRA,DE1003,68.0,15.47,2.15,1,707130,FCO-FRA,85.62
707158,2025-02-23,2025-02-27,2025-04-12,FCO,FRA,FCO-FRA,DE1003,204.0,12.66,7.35,3,707158,FCO-FRA,224.01
707159,2025-02-11,2025-02-12,2025-03-21,FCO,PMO,FCO-PMO,DE1001,153.0,6.49,2.95,2,707159,FCO-PMO,162.44
707179,2025-01-25,2025-01-27,2025-03-23,FCO,FRA,FCO-FRA,DE1003,68.0,14.66,0.0,1,707179,FCO-FRA,82.66
707197,2025-04-07,2025-04-09,2025-04-19,PMO,FCO,PMO-FCO,DE1002,225.0,6.81,7.26,2,707197,PMO-FCO,239.07
707202,2025-03-27,2025-03-31,2025-03-31,PMO,FCO,PMO-FCO,DE1002,108.0,0.0,0.0,1,707202,PMO-FCO,108.0
707206,2025-04-16,2025-04-17,2025-04-26,PMO,FCO,PMO-FCO,DE1002,337.5,14.93,3.88,3,707206,PMO-FCO,356.31
707209,2025-02-13,2025-02-17,2025-04-04,FCO,PMO,FCO-PMO,DE1001,76.5,0.0,4.45,1,707209,FCO-PMO,80.95
707224,2025-03-29,2025-04-02,2025-04-02,FRA,FCO,FRA-FCO,DE1000,96.0,0.0,0.0,1,707224,FRA-FCO,96.0
707230,2025-03-17,2025-03-19,2025-04-16,FCO,PMO,FCO-PMO,DE1001,95.62,18.01,5.44,1,707230,FCO-PMO,119.07000000000001
707256,2025-02-09,2025-02-12,2025-03-31,FCO,PMO,FCO-PMO,DE1001,76.5,0.0,8.43,1,707256,FCO-PMO,84.93
707262,2025-03-20,2025-03-22,2025-04-13,FRA,FCO,FRA-FCO,DE1000,255.0,6.42,0.0,3,707262,FRA-FCO,261.42
707288,2025-02-10,2025-02-11,2025-04-10,PMO,FCO,PMO-FCO,DE1002,76.5,14.27,8.15,1,707288,PMO-FCO,98.92
707316,2025-02-14,2025-02-18,2025-04-02,FRA,FCO,FRA-FCO,DE1000,68.0,14.48,0.0,1,707316,FRA-FCO,82.48
707349,2025-02-22,2025-02-26,2025-03-03,FRA,FCO,FRA-FCO,DE1000,160.0,0.0,9.6,2,707349,FRA-FCO,169.6
707367,2025-03-24,2025-03-28,2025-04-03,FCO,PMO,FCO-PMO,DE1001,90.0,0.0,7.97,1,707367,FCO-PMO,97.97
707386,2025-02-28,2025-03-01,2025-03-03,FRA,FCO,FRA → FCO,DE1000,360.0,13.18,9.93,3,707386,FRA-FCO,383.11
707396,2025-03-10,2025-03-13,2025-03-28,FCO,FRA,FCO-FRA,DE1003,68.0,18.67,2.29,1,707396,FCO-FRA,88.96000000000001
707412,2025-03-20,2025-03-24,2025-04-25,PMO,FCO,PMO → FCO,DE1002,95.62,0.0,6.11,1,707412,PMO-FCO,101.73
707425,2025-02-23,2025-02-27,2025-04-07,FRA,FCO,FRA-FCO,DE1000,136.0,0.0,2.97,2,707425,FRA-FCO,138.97
707441,2025-03-23,2025-03-26,2025-04-23,FCO,PMO,FCO-PMO,DE1001,95.62,15.7,9.7,1,707441,FCO-PMO,121.02000000000001
707447,2025-02-13,2025-02-17,2025-04-05,FCO,PMO,FCO-PMO,DE1001,76.5,19.59,0.0,1,707447,FCO-PMO,96.09
707465,2025-03-13,2025-03-15,2025-03-19,PMO,FCO,PMO → FCO,DE1002,108.0,11.26,3.26,1,707465,PMO-FCO,122.52000000000001
707475,2025-01-12,2025-01-13,2025-03-07,FCO,FRA,FCO-FRA,DE1003,68.0,15.88,0.0,1,707475,FCO-FRA,83.88
707509,2025-03-31,2025-04-03,2025-04-10,FCO,PMO,FCO-PMO,DE1001,90.0,18.71,5.51,1,707509,FCO-PMO,114.22000000000001
707524,2025-01-28,2025-01-29,2025-03-22,PMO,FCO,PMO-FCO,DE1002,153.0,0.0,4.09,2,707524,PMO-FCO,157.09
707540,2025-01-16,2025-01-19,2025-03-10,PMO,FCO,PMO → FCO,DE1002,153.0,16.48,4.56,2,707540,PMO-FCO,174.04
707551,2025-02-15,2025-02-18,2025-03-27,FCO,FRA,FCO → FRA,DE1003,136.0,5.23,0.0,2,707551,FCO-FRA,141.23
707554,2025-01-19,2025-01-20,2025-03-03,FCO,FRA,FCO-FRA,DE1003,68.0,11.48,8.32,1,707554,FCO-FRA,87.80000000000001
707571,2025-02-15,2025-02-18,2025-04-05,FCO,PMO,FCO-PMO,DE1001,76.5,19.35,9.08,1,707571,FCO-PMO,104.92999999999999
707584,2025-03-16,2025-03-20,2025-04-11,FCO,PMO,FCO-PMO,DE1001,76.5,0.0,6.2,1,707584,FCO-PMO,82.7
707591,2025-03-25,2025-03-26,2025-04-21,FCO,FRA,FCO-FRA,DE1003,170.0,8.02,7.62,2,707591,FCO-FRA,185.64000000000001
707607,2025-04-14,2025-04-17,2025-04-23,FCO,FRA,FCO-FRA,DE1003,100.0,0.0,5.6,1,707607,FCO-FRA,105.6
707608,2025-04-07,2025-04-08,2025-04-21,FRA,FCO,FRA-FCO,DE1000,200.0,0.0,6.44,2,707608,FRA-FCO,206.44
707620,2025-03-23,2025-03-24,2025-04-12,PMO,FCO,PMO → FCO,DE1002,153.0,17.66,2.44,2,707620,PMO-FCO,173.1
707627,2025-03-11,2025-03-12,2025-03-13,FCO,PMO,FCO-PMO,DE1001,135.0,0.0,9.97,1,707627,FCO-PMO,144.97
707630,2025-02-09,2025-02-11,2025-03-22,FCO,PMO,FCO-PMO,DE1001,76.5,8.02,2.67,1,707630,FCO-PMO,87.19
707635,2025-03-28,2025-03-29,2025-04-25,FCO,FRA,FCO-FRA,DE1003,85.0,7.29,0.0,1,707635,FCO-FRA,92.29
707650,2025-03-22,2025-03-25,2025-04-02,FRA,FCO,FRA-FCO,DE1000,160.0,6.0,0.0,2,707650,FRA-FCO,166.0
707672,2025-02-21,2025-02-23,2025-03-02,FCO,FRA,FCO-FRA,DE1003,240.0,16.47,9.83,3,707672,FCO-FRA,266.3
707673,2025-02-27,2025-03-03,2025-04-27,FRA,FCO,FRA → FCO,DE1000,170.0,8.55,2.87,2,707673,FRA-FCO,181.42000000000002
707677,2025-03-09,2025-03-11,2025-03-13,FRA,FCO,FRA-FCO,DE1000,96.0,13.71,0.0,1,707677,FRA-FCO,109.71000000000001
707688,2025-03-01,2025-03-05,2025-04-14,FCO,PMO,FCO → PMO,DE1001,95.62,16.13,0.0,1,707688,FCO-PMO,111.75
707712,2025-03-03,2025-03-04,2025-04-05,FRA,FCO,FRA-FCO,DE1000,204.0,12.97,0.0,3,707712,FRA-FCO,216.97
707722,2025-02-22,2025-02-23,2025-04-14,PMO,FCO,PMO-FCO,DE1002,191.25,18.44,9.04,2,707722,PMO-FCO,218.73
707759,2025-02-01,2025-02-02,2025-03-29,FCO,PMO,FCO → PMO,DE1001,153.0,13.8,4.95,2,707759,FCO-PMO,171.75
707773,2025-02-23,2025-02-24,2025-03-31,FCO,PMO,FCO-PMO,DE1001,76.5,17.82,0.0,1,707773,FCO-PMO,94.32
707785,2025-02-17,2025-02-19,2025-03-05,FCO,PMO,FCO-PMO,DE1001,76.5,12.1,7.88,1,707785,FCO-PMO,96.47999999999999
707790,2025-02-20,2025-02-22,2025-03-13,FCO,PMO,FCO → PMO,DE1001,76.5,0.0,3.83,1,707790,FCO-PMO,80.33
707831,2025-03-10,2025-03-12,2025-04-14,FRA,FCO,FRA-FCO,DE1000,85.0,11.91,3.23,1,707831,FRA-FCO,100.14
707842,2025-01-28,2025-01-30,2025-03-05,FRA,FCO,FRA → FCO,DE1000,136.0,11.97,5.9,2,707842,FRA-FCO,153.87
707870,2025-02-05,2025-02-08,2025-03-29,FCO,PMO,FCO-PMO,DE1001,76.5,0.0,0.0,1,707870,FCO-PMO,76.5
708010,2025-02-26,2025-03-02,2025-04-21,FCO,FRA,FCO-FRA,DE1003,170.0,7.77,4.87,2,708010,FCO-FRA,182.64000000000001
708033,2025-03-30,2025-03-31,2025-04-10,FRA,FCO,FRA-FCO,DE1000,160.0,10.83,8.14,2,708033,FRA-FCO,178.97000000000003
708036,2025-02-25,2025-02-27,2025-03-08,FCO,FRA,FCO-FRA,DE1003,240.0,11.84,4.1,3,708036,FCO-FRA,255.94
708051,2025-04-02,2025-04-03,2025-04-19,PMO,FCO,PMO-FCO,DE1002,191.25,12.31,0.0,2,708051,PMO-FCO,203.56
708066,2025-04-25,2025-04-28,2025-04-27,FCO,PMO,FCO-PMO,DE1001,168.75,0.0,0.0,1,708066,FCO-PMO,168.75
708078,2025-03-18,2025-03-21,2025-04-17,FCO,FRA,FCO-FRA,DE1003,170.0,0.0,2.13,2,708078,FCO-FRA,172.13
708091,2025-01-29,2025-01-30,2025-03-17,FCO,FRA,FCO-FRA,DE1003,136.0,0.0,0.0,2,708091,FCO-FRA,136.0
708119,2025-02-26,2025-02-27,2025-04-03,FCO,PMO,FCO-PMO,DE1001,76.5,8.73,2.13,1,708119,FCO-PMO,87.36
708122,2025-02-23,2025-02-27,2025-04-18,PMO,FCO,PMO-FCO,DE1002,191.25,6.37,4.77,2,708122,PMO-FCO,202.39000000000001
708139,2025-03-04,2025-03-08,2025-04-23,FCO,PMO,FCO-PMO,DE1001,95.62,0.0,2.21,1,708139,FCO-PMO,97.83
708177,2025-02-09,2025-02-12,2025-03-10,FCO,FRA,FCO → FRA,DE1003,68.0,12.07,2.56,1,708177,FCO-FRA,82.63
708183,2025-01-31,2025-02-01,2025-03-15,PMO,FCO,PMO → FCO,DE1002,76.5,8.54,5.93,1,708183,PMO-FCO,90.97
708194,2025-02-21,2025-02-22,2025-03-06,FRA,FCO,FRA → FCO,DE1000,80.0,5.35,4.64,1,708194,FRA-FCO,89.99
708198,2025-02-17,2025-02-21,2025-03-06,PMO,FCO,PMO-FCO,DE1002,229.5,8.9,0.0,3,708198,PMO-FCO,238.4
708246,2025-03-30,2025-04-02,2025-04-28,PMO,FCO,PMO → FCO,DE1002,76.5,16.47,3.02,1,708246,PMO-FCO,95.99
708288,2025-03-02,2025-03-05,2025-04-16,FRA,FCO,FRA → FCO,DE1000,170.0,14.41,8.71,2,708288,FRA-FCO,193.12
708306,2025-03-01,2025-03-03,2025-04-14,PMO,FCO,PMO → FCO,DE1002,95.62,0.0,0.0,1,708306,PMO-FCO,95.62
708311,2025-02-17,2025-02-18,2025-04-09,PMO,FCO,PMO-FCO,DE1002,153.0,10.46,8.84,2,708311,PMO-FCO,172.3
708313,2025-03-14,2025-03-16,2025-04-05,FRA,FCO,FRA-FCO,DE1000,136.0,8.13,2.14,2,708313,FRA-FCO,146.26999999999998
708319,2025-04-10,2025-04-14,2025-04-20,FCO,FRA,FCO-FRA,DE1003,100.0,9.15,6.99,1,708319,FCO-FRA,116.14
708325,2025-04-12,2025-04-16,2025-04-18,FCO,FRA,FCO-FRA,DE1003,120.0,14.96,5.07,1,708325,FCO-FRA,140.03
708347,2025-02-20,2025-02-22,2025-03-15,PMO,FCO,PMO → FCO,DE1002,76.5,19.68,6.1,1,708347,PMO-FCO,102.28
708378,2025-02-24,2025-02-28,2025-04-21,FRA,FCO,FRA-FCO,DE1000,170.0,12.37,0.0,2,708378,FRA-FCO,182.37
708385,2025-03-23,2025-03-24,2025-04-04,PMO,FCO,PMO-FCO,DE1002,180.0,13.9,4.55,2,708385,PMO-FCO,198.45000000000002
708399,2025-04-02,2025-04-03,2025-04-24,PMO,FCO,PMO-FCO,DE1002,191.25,10.13,0.0,2,708399,PMO-FCO,201.38
708417,2025-03-06,2025-03-10,2025-03-31,FCO,FRA,FCO-FRA,DE1003,68.0,18.76,8.21,1,708417,FCO-FRA,94.97
708500,2025-02-15,2025-02-17,2025-03-15,FCO,FRA,FCO → FRA,DE1003,136.0,19.46,6.93,2,708500,FCO-FRA,162.39000000000001
708530,2025-02-05,2025-02-06,2025-03-06,PMO,FCO,PMO-FCO,DE1002,153.0,16.25,9.67,2,708530,PMO-FCO,178.92
708566,2025-02-10,2025-02-14,2025-03-06,FCO,PMO,FCO-PMO,DE1001,76.5,8.56,9.05,1,708566,FCO-PMO,94.11
708577,2025-04-03,2025-04-06,2025-04-18,FCO,FRA,FCO-FRA,DE1003,170.0,8.31,0.0,2,708577,FCO-FRA,178.31
708618,2025-02-12,2025-02-16,2025-04-12,FCO,FRA,FCO-FRA,DE1003,204.0,18.78,9.03,3,708618,FCO-FRA,231.81
708674,2025-04-09,2025-04-13,2025-04-12,PMO,FCO,PMO → FCO,DE1002,270.0,7.75,8.13,2,708674,PMO-FCO,285.88
708680,2025-02-24,2025-02-28,2025-03-05,FCO,PMO,FCO-PMO,DE1001,90.0,9.03,3.48,1,708680,FCO-PMO,102.51
708694,2025-02-26,2025-03-02,2025-04-03,FRA,FCO,FRA-FCO,DE1000,68.0,0.0,4.36,1,708694,FRA-FCO,72.36
708761,2025-02-23,2025-02-27,2025-03-09,PMO,FCO,PMO-FCO,DE1002,180.0,18.12,9.63,2,708761,PMO-FCO,207.75
708764,2025-03-21,2025-03-24,2025-04-26,FCO,FRA,FCO → FRA,DE1003,85.0,0.0,4.49,1,708764,FCO-FRA,89.49
708775,2025-02-24,2025-02-27,2025-04-12,PMO,FCO,PMO-FCO,DE1002,76.5,11.84,0.0,1,708775,PMO-FCO,88.34
708783,2025-03-21,2025-03-24,2025-04-06,FCO,FRA,FCO-FRA,DE1003,136.0,11.42,8.62,2,708783,FCO-FRA,156.04
708833,2025-02-22,2025-02-23,2025-03-22,FCO,PMO,FCO → PMO,DE1001,76.5,14.64,8.79,1,708833,FCO-PMO,99.93
708837,2025-02-20,2025-02-23,2025-03-24,PMO,FCO,PMO → FCO,DE1002,76.5,19.13,6.21,1,708837,PMO-FCO,101.83999999999999
708864,2025-03-22,2025-03-26,2025-03-30,PMO,FCO,PMO-FCO,DE1002,90.0,9.84,2.89,1,708864,PMO-FCO,102.73
708884,2025-02-27,2025-03-01,2025-03-09,FRA,FCO,FRA → FCO,DE1000,240.0,0.0,8.66,3,708884,FRA-FCO,248.66
708888,2025-03-04,2025-03-06,2025-04-03,FRA,FCO,FRA → FCO,DE1000,136.0,19.83,2.97,2,708888,FRA-FCO,158.79999999999998
708895,2025-03-09,2025-03-12,2025-04-12,FRA,FCO,FRA-FCO,DE1000,136.0,18.13,0.0,2,708895,FRA-FCO,154.13
708905,2025-03-13,2025-03-16,2025-04-12,FCO,PMO,FCO-PMO,DE1001,153.0,0.0,5.96,2,708905,FCO-PMO,158.96
708932,2025-03-11,2025-03-12,2025-04-11,PMO,FCO,PMO-FCO,DE1002,76.5,8.68,9.3,1,708932,PMO-FCO,94.48
708945,2025-04-13,2025-04-14,2025-04-16,FCO,FRA,FCO-FRA,DE1003,150.0,10.84,8.41,1,708945,FCO-FRA,169.25
708969,2025-02-26,2025-03-02,2025-03-21,FRA,FCO,FRA-FCO,DE1000,68.0,13.64,5.16,1,708969,FRA-FCO,86.8
708972,2025-02-18,2025-02-22,2025-04-07,FCO,PMO,FCO-PMO,DE1001,153.0,0.0,3.47,2,708972,FCO-PMO,156.47
708988,2025-04-01,2025-04-04,2025-04-10,FRA,FCO,FRA → FCO,DE1000,80.0,0.0,4.24,1,708988,FRA-FCO,84.24
708996,2025-02-04,2025-02-05,2025-03-06,FCO,PMO,FCO → PMO,DE1001,76.5,19.78,0.0,1,708996,FCO-PMO,96.28
709016,2025-03-15,2025-03-18,2025-04-19,FCO,FRA,FCO-FRA,DE1003,170.0,7.96,0.0,2,709016,FCO-FRA,177.96
709088,2025-02-02,2025-02-04,2025-03-24,PMO,FCO,PMO → FCO,DE1002,76.5,15.64,6.99,1,709088,PMO-FCO,99.13
709101,2025-03-10,2025-03-14,2025-04-12,FRA,FCO,FRA-FCO,DE1000,204.0,0.0,0.0,3,709101,FRA-FCO,204.0
709102,2025-03-02,2025-03-06,2025-03-05,PMO,FCO,PMO-FCO,DE1002,405.0,0.0,4.54,3,709102,PMO-FCO,409.54
709111,2025-01-26,2025-01-29,2025-03-12,FRA,FCO,FRA → FCO,DE1000,136.0,8.26,0.0,2,709111,FRA-FCO,144.26
709122,2025-02-04,2025-02-06,2025-03-21,FCO,PMO,FCO-PMO,DE1001,76.5,0.0,6.85,1,709122,FCO-PMO,83.35
709125,2025-02-07,2025-02-08,2025-03-29,FCO,FRA,FCO-FRA,DE1003,68.0,0.0,0.0,1,709125,FCO-FRA,68.0
709169,2025-03-16,2025-03-19,2025-03-17,FCO,PMO,FCO → PMO,DE1001,135.0,15.54,0.0,1,709169,FCO-PMO,150.54
709182,2025-03-20,2025-03-22,2025-04-09,FCO,PMO,FCO-PMO,DE1001,153.0,0.0,6.37,2,709182,FCO-PMO,159.37
709207,2025-02-19,2025-02-21,2025-03-28,FRA,FCO,FRA-FCO,DE1000,68.0,15.19,9.93,1,709207,FRA-FCO,93.12
709215,2025-03-11,2025-03-12,2025-04-24,FRA,FCO,FRA → FCO,DE1000,85.0,16.69,0.0,1,709215,FRA-FCO,101.69
709235,2025-02-23,2025-02-25,2025-04-17,FCO,FRA,FCO → FRA,DE1003,85.0,15.44,0.0,1,709235,FCO-FRA,100.44
709266,2025-02-13,2025-02-15,2025-03-03,FRA,FCO,FRA-FCO,DE1000,136.0,19.47,6.86,2,709266,FRA-FCO,162.33
709272,2025-02-15,2025-02-17,2025-03-29,FRA,FCO,FRA → FCO,DE1000,204.0,0.0,0.0,3,709272,FRA-FCO,204.0
709314,2025-03-21,2025-03-22,2025-04-03,FCO,FRA,FCO-FRA,DE1003,80.0,15.15,9.19,1,709314,FCO-FRA,104.34
709352,2025-03-30,2025-04-03,2025-04-03,FCO,FRA,FCO-FRA,DE1003,192.0,8.36,0.0,2,709352,FCO-FRA,200.36
709386,2025-02-19,2025-02-20,2025-03-05,FCO,PMO,FCO → PMO,DE1001,90.0,19.04,0.0,1,709386,FCO-PMO,109.03999999999999
709391,2025-01-14,2025-01-17,2025-03-12,FRA,FCO,FRA-FCO,DE1000,68.0,7.11,2.78,1,709391,FRA-FCO,77.89
709400,2025-02-14,2025-02-15,2025-04-04,PMO,FCO,PMO-FCO,DE1002,76.5,12.05,9.91,1,709400,PMO-FCO,98.46
709415,2025-02-18,2025-02-22,2025-04-16,FCO,FRA,FCO-FRA,DE1003,170.0,8.5,0.0,2,709415,FCO-FRA,178.5
709418,2025-03-21,2025-03-22,2025-04-18,FRA,FCO,FRA-FCO,DE1000,85.0,15.41,0.0,1,709418,FRA-FCO,100.41
709429,2025-02-02,2025-02-04,2025-03-17,FCO,FRA,FCO → FRA,DE1003,68.0,19.44,0.0,1,709429,FCO-FRA,87.44
709455,2025-03-01,2025-03-03,2025-04-12,FRA,FCO,FRA → FCO,DE1000,204.0,8.12,2.36,3,709455,FRA-FCO,214.48000000000002
709457,2025-02-21,2025-02-22,2025-03-06,FCO,FRA,FCO-FRA,DE1003,80.0,8.78,0.0,1,709457,FCO-FRA,88.78
709514,2025-03-13,2025-03-17,2025-03-17,FCO,FRA,FCO-FRA,DE1003,192.0,6.99,7.81,2,709514,FCO-FRA,206.8
709557,2025-04-04,2025-04-08,2025-04-28,FCO,PMO,FCO-PMO,DE1001,76.5,18.07,5.28,1,709557,FCO-PMO,99.85
709561,2025-03-29,2025-04-02,2025-04-27,PMO,FCO,PMO-FCO,DE1002,95.62,13.65,0.0,1,709561,PMO-FCO,109.27000000000001
709568,2025-03-23,2025-03-25,2025-04-09,PMO,FCO,PMO-FCO,DE1002,153.0,0.0,4.77,2,709568,PMO-FCO,157.77
709594,2025-03-08,2025-03-11,2025-04-25,PMO,FCO,PMO-FCO,DE1002,191.25,11.86,4.09,2,709594,PMO-FCO,207.20000000000002
709603,2025-03-24,2025-03-25,2025-03-28,FRA,FCO,FRA-FCO,DE1000,288.0,5.04,2.82,3,709603,FRA-FCO,295.86
709627,2025-02-28,2025-03-03,2025-03-15,FCO,PMO,FCO → PMO,DE1001,76.5,16.88,0.0,1,709627,FCO-PMO,93.38
709643,2025-01-29,2025-02-01,2025-03-05,FCO,FRA,FCO-FRA,DE1003,136.0,0.0,4.72,2,709643,FCO-FRA,140.72
709656,2025-03-14,2025-03-16,2025-03-27,FRA,FCO,FRA-FCO,DE1000,160.0,5.15,8.05,2,709656,FRA-FCO,173.20000000000002
709657,2025-03-08,2025-03-12,2025-04-05,FRA,FCO,FRA-FCO,DE1000,136.0,5.41,3.54,2,709657,FRA-FCO,144.95
709686,2025-03-30,2025-04-02,2025-04-27,FRA,FCO,FRA-FCO,DE1000,170.0,0.0,8.61,2,709686,FRA-FCO,178.61
709746,2025-02-24,2025-02-28,2025-04-20,FCO,PMO,FCO → PMO,DE1001,95.62,16.04,7.49,1,709746,FCO-PMO,119.14999999999999
709765,2025-03-07,2025-03-10,2025-03-12,FCO,FRA,FCO-FRA,DE1003,192.0,8.68,9.17,2,709765,FCO-FRA,209.85
709777,2025-02-21,2025-02-24,2025-03-01,FCO,PMO,FCO → PMO,DE1001,90.0,15.69,7.2,1,709777,FCO-PMO,112.89
709806,2025-03-07,2025-03-11,2025-04-04,FRA,FCO,FRA → FCO,DE1000,136.0,0.0,2.05,2,709806,FRA-FCO,138.05
709807,2025-03-26,2025-03-28,2025-04-06,FCO,FRA,FCO-FRA,DE1003,80.0,19.16,7.09,1,709807,FCO-FRA,106.25
709859,2025-04-10,2025-04-11,2025-04-30,FRA,FCO,FRA-FCO,DE1000,136.0,15.81,5.63,2,709859,FRA-FCO,157.44
709886,2025-01-28,2025-01-29,2025-03-20,PMO,FCO,PMO → FCO,DE1002,153.0,6.32,8.1,2,709886,PMO-FCO,167.42
709920,2025-03-12,2025-03-15,2025-03-13,FRA,FCO,FRA-FCO,DE1000,240.0,6.91,8.86,2,709920,FRA-FCO,255.76999999999998
709938,2025-02-06,2025-02-07,2025-03-24,FCO,PMO,FCO → PMO,DE1001,153.0,19.45,5.09,2,709938,FCO-PMO,177.54
710006,2025-03-15,2025-03-18,2025-03-29,FCO,FRA,FCO-FRA,DE1003,80.0,0.0,6.65,1,710006,FCO-FRA,86.65
710038,2025-02-12,2025-02-16,2025-03-22,FRA,FCO,FRA → FCO,DE1000,68.0,18.52,0.0,1,710038,FRA-FCO,86.52
710043,2025-02-25,2025-03-01,2025-04-17,FCO,FRA,FCO → FRA,DE1003,170.0,0.0,2.06,2,710043,FCO-FRA,172.06
710068,2025-03-14,2025-03-17,2025-04-19,PMO,FCO,PMO-FCO,DE1002,95.62,13.36,3.62,1,710068,PMO-FCO,112.60000000000001
710075,2025-02-19,2025-02-22,2025-03-15,FCO,PMO,FCO-PMO,DE1001,153.0,0.0,8.32,2,710075,FCO-PMO,161.32
710107,2025-03-13,2025-03-17,2025-04-06,PMO,FCO,PMO-FCO,DE1002,153.0,16.23,4.84,2,710107,PMO-FCO,174.07
710123,2025-02-19,2025-02-20,2025-03-12,FCO,FRA,FCO-FRA,DE1003,136.0,18.3,6.86,2,710123,FCO-FRA,161.16000000000003
710132,2025-01-15,2025-01-18,2025-03-03,FCO,PMO,FCO-PMO,DE1001,76.5,9.14,5.37,1,710132,FCO-PMO,91.01
710134,2025-03-03,2025-03-04,2025-03-31,FCO,PMO,FCO → PMO,DE1001,76.5,14.01,0.0,1,710134,FCO-PMO,90.51
710138,2025-01-14,2025-01-17,2025-03-10,FCO,FRA,FCO-FRA,DE1003,68.0,0.0,4.0,1,710138,FCO-FRA,72.0
710152,2025-04-09,2025-04-11,2025-04-14,FRA,FCO,FRA → FCO,DE1000,240.0,0.0,0.0,2,710152,FRA-FCO,240.0
710175,2025-03-04,2025-03-05,2025-04-25,FCO,FRA,FCO → FRA,DE1003,85.0,6.51,6.85,1,710175,FCO-FRA,98.36
710191,2025-01-06,2025-01-07,2025-03-05,FRA,FCO,FRA-FCO,DE1000,68.0,12.18,9.2,1,710191,FRA-FCO,89.38000000000001
710227,2025-02-08,2025-02-11,2025-03-13,FCO,FRA,FCO-FRA,DE1003,68.0,18.41,2.01,1,710227,FCO-FRA,88.42
710239,2025-03-16,2025-03-17,2025-04-09,FCO,PMO,FCO → PMO,DE1001,76.5,11.72,0.0,1,710239,FCO-PMO,88.22
710241,2025-02-14,2025-02-15,2025-03-13,FCO,FRA,FCO-FRA,DE1003,68.0,7.59,0.0,1,710241,FCO-FRA,75.59
710244,2025-02-19,2025-02-22,2025-04-16,FCO,PMO,FCO-PMO,DE1001,95.62,0.0,9.8,1,710244,FCO-PMO,105.42
710269,2025-03-17,2025-03-19,2025-04-14,FCO,PMO,FCO → PMO,DE1001,95.62,0.0,5.59,1,710269,FCO-PMO,101.21000000000001
710270,2025-01-14,2025-01-17,2025-03-03,FCO,FRA,FCO-FRA,DE1003,136.0,16.81,0.0,2,710270,FCO-FRA,152.81
710273,2025-01-22,2025-01-25,2025-03-10,FCO,FRA,FCO-FRA,DE1003,68.0,11.49,9.69,1,710273,FCO-FRA,89.17999999999999
710274,2025-03-20,2025-03-23,2025-03-21,FCO,PMO,FCO-PMO,DE1001,270.0,19.42,3.8,2,710274,FCO-PMO,293.22
710292,2025-02-24,2025-02-27,2025-04-04,FCO,PMO,FCO-PMO,DE1001,76.5,12.67,6.1,1,710292,FCO-PMO,95.27
710312,2025-02-19,2025-02-22,2025-04-04,FRA,FCO,FRA → FCO,DE1000,68.0,12.62,5.83,1,710312,FRA-FCO,86.45
710341,2025-02-18,2025-02-19,2025-03-10,FCO,FRA,FCO-FRA,DE1003,136.0,7.27,3.36,2,710341,FCO-FRA,146.63000000000002
710358,2025-01-30,2025-02-03,2025-03-23,FRA,FCO,FRA-FCO,DE1000,68.0,14.74,5.09,1,710358,FRA-FCO,87.83
710359,2025-02-20,2025-02-23,2025-03-01,FCO,PMO,FCO-PMO,DE1001,90.0,19.29,2.03,1,710359,FCO-PMO,111.32
710368,2025-04-07,2025-04-10,2025-04-09,FCO,PMO,FCO-PMO,DE1001,270.0,11.07,3.63,2,710368,FCO-PMO,284.7
710370,2025-02-15,2025-02-18,2025-04-02,FRA,FCO,FRA-FCO,DE1000,136.0,0.0,0.0,2,710370,FRA-FCO,136.0
710391,2025-01-03,2025-01-04,2025-03-03,FCO,PMO,FCO → PMO,DE1001,76.5,16.43,9.33,1,710391,FCO-PMO,102.26
710393,2025-03-29,2025-03-31,2025-04-27,FCO,PMO,FCO → PMO,DE1001,191.25,5.32,3.62,2,710393,FCO-PMO,200.19
710394,2025-02-27,2025-03-01,2025-03-09,PMO,FCO,PMO → FCO,DE1002,180.0,0.0,3.01,2,710394,PMO-FCO,183.01
710402,2025-03-12,2025-03-13,2025-04-11,FCO,PMO,FCO-PMO,DE1001,76.5,15.91,9.52,1,710402,FCO-PMO,101.92999999999999
710407,2025-03-22,2025-03-23,2025-04-20,FCO,PMO,FCO → PMO,DE1001,95.62,16.41,6.88,1,710407,FCO-PMO,118.91
710409,2025-03-17,2025-03-18,2025-04-09,FCO,PMO,FCO-PMO,DE1001,76.5,13.16,8.04,1,710409,FCO-PMO,97.69999999999999
710446,2025-03-16,2025-03-17,2025-04-06,FCO,PMO,FCO-PMO,DE1001,229.5,6.74,0.0,3,710446,FCO-PMO,236.24
710455,2025-02-02,2025-02-04,2025-03-10,FCO,FRA,FCO → FRA,DE1003,136.0,14.44,7.32,2,710455,FCO-FRA,157.76
710502,2025-01-27,2025-01-30,2025-03-03,PMO,FCO,PMO-FCO,DE1002,153.0,0.0,2.63,2,710502,PMO-FCO,155.63
710505,2025-03-12,2025-03-14,2025-04-21,FRA,FCO,FRA-FCO,DE1000,85.0,9.18,6.38,1,710505,FRA-FCO,100.56
710514,2025-02-24,2025-02-27,2025-03-24,FCO,FRA,FCO-FRA,DE1003,68.0,0.0,9.66,1,710514,FCO-FRA,77.66
710571,2025-03-14,2025-03-16,2025-04-20,FCO,PMO,FCO-PMO,DE1001,191.25,15.63,2.91,2,710571,FCO-PMO,209.79
710579,2025-02-10,2025-02-14,2025-03-05,PMO,FCO,PMO-FCO,DE1002,76.5,19.4,9.52,1,710579,PMO-FCO,105.42
710628,2025-01-30,2025-02-01,2025-03-24,FCO,FRA,FCO-FRA,DE1003,68.0,10.33,4.52,1,710628,FCO-FRA,82.85
710635,2025-03-29,2025-04-01,2025-04-28,FCO,FRA,FCO → FRA,DE1003,68.0,10.41,2.76,1,710635,FCO-FRA,81.17
710691,2025-02-24,2025-02-27,2025-03-30,FRA,FCO,FRA-FCO,DE1000,204.0,19.6,0.0,3,710691,FRA-FCO,223.6
710692,2025-03-07,2025-03-11,2025-04-26,FCO,PMO,FCO-PMO,DE1001,286.88,0.0,2.89,3,710692,FCO-PMO,289.77
710700,2025-02-10,2025-02-14,2025-03-17,PMO,FCO,PMO-FCO,DE1002,76.5,8.97,4.43,1,710700,PMO-FCO,89.9
710702,2025-03-18,2025-03-20,2025-04-13,FCO,PMO,FCO-PMO,DE1001,95.62,0.0,2.28,1,710702,FCO-PMO,97.9
710719,2025-03-10,2025-03-14,2025-03-12,PMO,FCO,PMO-FCO,DE1002,270.0,0.0,0.0,2,710719,PMO-FCO,270.0
710726,2025-03-12,2025-03-14,2025-04-13,FCO,PMO,FCO → PMO,DE1001,95.62,15.5,7.29,1,710726,FCO-PMO,118.41000000000001
710734,2025-04-04,2025-04-08,2025-04-21,FRA,FCO,FRA-FCO,DE1000,85.0,14.57,0.0,1,710734,FRA-FCO,99.57
710760,2025-02-01,2025-02-04,2025-03-02,PMO,FCO,PMO-FCO,DE1002,153.0,7.81,3.07,2,710760,PMO-FCO,163.88
710768,2025-03-10,2025-03-13,2025-03-14,PMO,FCO,PMO-FCO,DE1002,108.0,6.41,0.0,1,710768,PMO-FCO,114.41
710783,2025-01-20,2025-01-22,2025-03-12,PMO,FCO,PMO-FCO,DE1002,153.0,0.0,7.1,2,710783,PMO-FCO,160.1
710785,2025-02-02,2025-02-04,2025-03-28,PMO,FCO,PMO-FCO,DE1002,153.0,9.26,2.71,2,710785,PMO-FCO,164.97
710797,2025-02-16,2025-02-17,2025-03-10,PMO,FCO,PMO → FCO,DE1002,76.5,0.0,9.46,1,710797,PMO-FCO,85.96000000000001
710799,2025-03-21,2025-03-25,2025-04-02,FRA,FCO,FRA → FCO,DE1000,160.0,0.0,8.72,2,710799,FRA-FCO,168.72
710808,2025-02-24,2025-02-26,2025-03-09,FRA,FCO,FRA-FCO,DE1000,240.0,0.0,0.0,3,710808,FRA-FCO,240.0
710819,2025-02-13,2025-02-16,2025-03-08,FCO,FRA,FCO-FRA,DE1003,68.0,19.44,3.38,1,710819,FCO-FRA,90.82
710839,2025-03-18,2025-03-19,2025-04-16,FCO,FRA,FCO-FRA,DE1003,170.0,13.37,8.85,2,710839,FCO-FRA,192.22
710854,2025-03-26,2025-03-28,2025-04-06,FRA,FCO,FRA-FCO,DE1000,160.0,6.16,0.0,2,710854,FRA-FCO,166.16
710860,2025-02-09,2025-02-12,2025-03-06,PMO,FCO,PMO-FCO,DE1002,76.5,12.38,6.6,1,710860,PMO-FCO,95.47999999999999
710866,2025-02-11,2025-02-14,2025-03-13,PMO,FCO,PMO-FCO,DE1002,229.5,16.11,0.0,3,710866,PMO-FCO,245.61
710889,2025-02-08,2025-02-09,2025-03-07,FCO,FRA,FCO-FRA,DE1003,136.0,6.52,3.72,2,710889,FCO-FRA,146.24
710939,2025-01-18,2025-01-22,2025-03-09,FCO,FRA,FCO → FRA,DE1003,68.0,13.41,0.0,1,710939,FCO-FRA,81.41
710969,2025-03-15,2025-03-19,2025-04-10,FRA,FCO,FRA → FCO,DE1000,136.0,9.06,7.48,2,710969,FRA-FCO,152.54
710970,2025-04-08,2025-04-11,2025-04-20,FCO,FRA,FCO → FRA,DE1003,300.0,9.47,0.0,3,710970,FCO-FRA,309.47
711010,2025-03-22,2025-03-24,2025-04-23,FCO,FRA,FCO → FRA,DE1003,170.0,0.0,0.0,2,711010,FCO-FRA,170.0
711023,2025-02-21,2025-02-23,2025-03-13,FCO,PMO,FCO-PMO,DE1001,153.0,0.0,0.0,2,711023,FCO-PMO,153.0
711041,2025-02-26,2025-02-27,2025-04-13,FCO,PMO,FCO-PMO,DE1001,191.25,7.94,2.79,2,711041,FCO-PMO,201.98
711051,2025-03-05,2025-03-08,2025-03-10,FCO,FRA,FCO → FRA,DE1003,96.0,9.04,0.0,1,711051,FCO-FRA,105.03999999999999
711076,2025-01-23,2025-01-26,2025-03-01,FCO,PMO,FCO-PMO,DE1001,153.0,0.0,5.65,2,711076,FCO-PMO,158.65
711094,2025-03-09,2025-03-12,2025-04-28,PMO,FCO,PMO → FCO,DE1002,76.5,5.83,0.0,1,711094,PMO-FCO,82.33
711112,2025-03-09,2025-03-11,2025-04-05,PMO,FCO,PMO-FCO,DE1002,76.5,12.91,8.9,1,711112,PMO-FCO,98.31
711126,2025-03-08,2025-03-11,2025-03-24,PMO,FCO,PMO-FCO,DE1002,153.0,5.35,8.81,2,711126,PMO-FCO,167.16
711158,2025-02-28,2025-03-03,2025-03-06,FCO,PMO,FCO-PMO,DE1001,108.0,19.96,4.45,1,711158,FCO-PMO,132.41
711160,2025-03-19,2025-03-20,2025-03-26,FCO,FRA,FCO-FRA,DE1003,96.0,7.44,2.93,1,711160,FCO-FRA,106.37
711202,2025-03-06,2025-03-08,2025-03-22,FCO,FRA,FCO → FRA,DE1003,136.0,5.0,0.0,2,711202,FCO-FRA,141.0
711214,2025-02-22,2025-02-25,2025-03-23,FCO,FRA,FCO-FRA,DE1003,68.0,6.3,0.0,1,711214,FCO-FRA,74.3
711263,2025-02-13,2025-02-17,2025-04-10,FCO,FRA,FCO-FRA,DE1003,68.0,8.61,6.74,1,711263,FCO-FRA,83.35
711266,2025-01-12,2025-01-15,2025-03-01,FRA,FCO,FRA-FCO,DE1000,136.0,8.01,0.0,2,711266,FRA-FCO,144.01
711269,2025-03-14,2025-03-18,2025-04-20,FCO,PMO,FCO-PMO,DE1001,95.62,9.87,7.87,1,711269,FCO-PMO,113.36000000000001
711345,2025-03-15,2025-03-19,2025-04-24,FCO,FRA,FCO-FRA,DE1003,85.0,17.75,0.0,1,711345,FCO-FRA,102.75
711360,2025-02-27,2025-03-01,2025-04-10,FRA,FCO,FRA-FCO,DE1000,204.0,11.4,4.42,3,711360,FRA-FCO,219.82
711377,2025-02-09,2025-02-13,2025-03-23,PMO,FCO,PMO → FCO,DE1002,76.5,8.19,4.84,1,711377,PMO-FCO,89.53
711419,2025-03-26,2025-03-30,2025-04-30,FCO,PMO,FCO-PMO,DE1001,153.0,0.0,7.62,2,711419,FCO-PMO,160.62
711420,2025-03-27,2025-03-31,2025-04-26,FCO,PMO,FCO-PMO,DE1001,95.62,6.91,8.36,1,711420,FCO-PMO,110.89
711433,2025-03-14,2025-03-16,2025-04-26,FCO,PMO,FCO-PMO,DE1001,286.88,0.0,5.76,3,711433,FCO-PMO,292.64
711464,2025-02-24,2025-02-27,2025-04-13,FCO,PMO,FCO → PMO,DE1001,95.62,0.0,7.01,1,711464,FCO-PMO,102.63000000000001
711550,2025-03-18,2025-03-20,2025-04-11,FCO,PMO,FCO-PMO,DE1001,76.5,5.04,4.14,1,711550,FCO-PMO,85.68
711679,2025-02-08,2025-02-09,2025-03-17,PMO,FCO,PMO → FCO,DE1002,76.5,8.34,9.94,1,711679,PMO-FCO,94.78
711696,2025-01-08,2025-01-12,2025-03-05,FCO,FRA,FCO-FRA,DE1003,136.0,12.96,8.64,2,711696,FCO-FRA,157.60000000000002
711723,2025-01-26,2025-01-30,2025-03-13,FCO,FRA,FCO-FRA,DE1003,68.0,0.0,6.55,1,711723,FCO-FRA,74.55
711725,2025-01-28,2025-01-29,2025-03-20,FCO,FRA,FCO → FRA,DE1003,68.0,19.89,0.0,1,711725,FCO-FRA,87.89
711736,2025-02-08,2025-02-11,2025-03-22,PMO,FCO,PMO-FCO,DE1002,76.5,0.0,4.48,1,711736,PMO-FCO,80.98
711747,2025-03-01,2025-03-05,2025-03-03,PMO,FCO,PMO → FCO,DE1002,270.0,9.51,9.46,2,711747,PMO-FCO,288.96999999999997
711752,2025-01-31,2025-02-04,2025-03-29,FRA,FCO,FRA-FCO,DE1000,136.0,0.0,3.37,2,711752,FRA-FCO,139.37
711765,2025-03-12,2025-03-16,2025-03-30,FRA,FCO,FRA → FCO,DE1000,68.0,12.69,9.55,1,711765,FRA-FCO,90.24
711810,2025-03-07,2025-03-09,2025-03-29,FCO,FRA,FCO-FRA,DE1003,136.0,15.72,5.85,2,711810,FCO-FRA,157.57
711859,2025-02-28,2025-03-02,2025-04-09,FCO,PMO,FCO → PMO,DE1001,153.0,10.23,0.0,2,711859,FCO-PMO,163.23
711899,2025-03-27,2025-03-29,2025-04-02,FCO,PMO,FCO → PMO,DE1001,216.0,19.09,2.26,2,711899,FCO-PMO,237.35
711911,2025-02-14,2025-02-16,2025-03-02,PMO,FCO,PMO-FCO,DE1002,76.5,11.74,0.0,1,711911,PMO-FCO,88.24
711960,2025-02-02,2025-02-06,2025-03-08,FCO,FRA,FCO-FRA,DE1003,136.0,0.0,4.05,2,711960,FCO-FRA,140.05
711969,2025-02-17,2025-02-18,2025-04-03,PMO,FCO,PMO-FCO,DE1002,76.5,18.19,0.0,1,711969,PMO-FCO,94.69
711994,2025-03-01,2025-03-05,2025-03-30,FCO,FRA,FCO → FRA,DE1003,68.0,0.0,2.61,1,711994,FCO-FRA,70.61
712004,2025-03-31,2025-04-01,2025-04-24,FRA,FCO,FRA-FCO,DE1000,170.0,7.88,9.29,2,712004,FRA-FCO,187.17
712041,2025-04-06,2025-04-07,2025-04-07,PMO,FCO,PMO-FCO,DE1002,135.0,19.62,0.0,1,712041,PMO-FCO,154.62
712042,2025-01-18,2025-01-21,2025-03-08,PMO,FCO,PMO → FCO,DE1002,76.5,5.61,6.75,1,712042,PMO-FCO,88.86
712096,2025-01-18,2025-01-19,2025-03-02,PMO,FCO,PMO → FCO,DE1002,76.5,6.73,0.0,1,712096,PMO-FCO,83.23
712099,2025-01-29,2025-01-30,2025-03-27,PMO,FCO,PMO-FCO,DE1002,153.0,18.67,0.0,2,712099,PMO-FCO,171.67000000000002
712146,2025-03-28,2025-04-01,2025-04-06,FCO,PMO,FCO-PMO,DE1001,180.0,9.16,4.58,2,712146,FCO-PMO,193.74
712176,2025-03-25,2025-03-29,2025-04-16,FCO,PMO,FCO-PMO,DE1001,95.62,0.0,5.31,1,712176,FCO-PMO,100.93
712182,2025-02-19,2025-02-21,2025-03-05,PMO,FCO,PMO-FCO,DE1002,90.0,0.0,9.02,1,712182,PMO-FCO,99.02
712186,2025-03-10,2025-03-11,2025-03-24,FCO,FRA,FCO-FRA,DE1003,160.0,17.03,4.99,2,712186,FCO-FRA,182.02
712202,2025-02-22,2025-02-26,2025-03-30,FRA,FCO,FRA-FCO,DE1000,68.0,19.49,0.0,1,712202,FRA-FCO,87.49
712232,2025-03-21,2025-03-22,2025-04-20,FRA,FCO,FRA-FCO,DE1000,85.0,13.55,0.0,1,712232,FRA-FCO,98.55
712245,2025-02-28,2025-03-02,2025-04-03,FRA,FCO,FRA-FCO,DE1000,68.0,12.11,6.87,1,712245,FRA-FCO,86.98
712259,2025-03-04,2025-03-06,2025-04-16,PMO,FCO,PMO-FCO,DE1002,191.25,0.0,6.63,2,712259,PMO-FCO,197.88
712261,2025-03-16,2025-03-20,2025-04-09,FRA,FCO,FRA-FCO,DE1000,68.0,0.0,3.48,1,712261,FRA-FCO,71.48
712267,2025-02-28,2025-03-02,2025-03-07,FCO,PMO,FCO-PMO,DE1001,324.0,16.55,9.24,3,712267,FCO-PMO,349.79
712290,2025-01-25,2025-01-27,2025-03-16,FCO,FRA,FCO-FRA,DE1003,136.0,7.8,3.25,2,712290,FCO-FRA,147.05
712295,2025-02-12,2025-02-14,2025-03-10,FCO,PMO,FCO → PMO,DE1001,153.0,11.78,0.0,2,712295,FCO-PMO,164.78
712302,2025-03-12,2025-03-15,2025-04-19,PMO,FCO,PMO → FCO,DE1002,191.25,12.68,6.49,2,712302,PMO-FCO,210.42000000000002
712314,2025-03-23,2025-03-27,2025-04-13,FCO,PMO,FCO-PMO,DE1001,286.88,5.66,9.97,3,712314,FCO-PMO,302.51000000000005
712360,2025-01-23,2025-01-27,2025-03-03,PMO,FCO,PMO-FCO,DE1002,153.0,19.47,0.0,2,712360,PMO-FCO,172.47
712367,2025-03-08,2025-03-09,2025-03-14,FRA,FCO,FRA-FCO,DE1000,288.0,0.0,0.0,3,712367,FRA-FCO,288.0
712390,2025-03-16,2025-03-19,2025-04-03,FCO,PMO,FCO → PMO,DE1001,76.5,14.9,3.61,1,712390,FCO-PMO,95.01
712411,2025-04-05,2025-04-09,2025-04-21,PMO,FCO,PMO-FCO,DE1002,191.25,10.81,0.0,2,712411,PMO-FCO,202.06
712417,2025-03-11,2025-03-15,2025-03-14,FCO,PMO,FCO-PMO,DE1001,135.0,19.04,2.04,1,712417,FCO-PMO,156.07999999999998
712422,2025-03-29,2025-03-31,2025-04-26,PMO,FCO,PMO-FCO,DE1002,286.88,18.47,0.0,3,712422,PMO-FCO,305.35
712445,2025-02-05,2025-02-08,2025-03-12,FRA,FCO,FRA-FCO,DE1000,136.0,6.2,8.18,2,712445,FRA-FCO,150.38
712485,2025-02-23,2025-02-24,2025-04-09,PMO,FCO,PMO → FCO,DE1002,76.5,7.11,6.83,1,712485,PMO-FCO,90.44
712514,2025-02-24,2025-02-28,2025-03-26,FCO,FRA,FCO-FRA,DE1003,68.0,18.97,8.12,1,712514,FCO-FRA,95.09
712529,2025-03-06,2025-03-08,2025-04-18,FCO,PMO,FCO → PMO,DE1001,95.62,9.76,0.0,1,712529,FCO-PMO,105.38000000000001
712542,2025-03-09,2025-03-13,2025-04-04,FRA,FCO,FRA-FCO,DE1000,136.0,0.0,9.42,2,712542,FRA-FCO,145.42
712606,2025-03-06,2025-03-10,2025-04-06,PMO,FCO,PMO → FCO,DE1002,153.0,0.0,7.01,2,712606,PMO-FCO,160.01
712623,2025-04-04,2025-04-05,2025-04-10,FRA,FCO,FRA-FCO,DE1000,192.0,9.46,0.0,2,712623,FRA-FCO,201.46
712629,2025-03-21,2025-03-23,2025-03-26,FRA,FCO,FRA → FCO,DE1000,192.0,17.49,0.0,2,712629,FRA-FCO,209.49
712646,2025-03-20,2025-03-21,2025-03-28,FRA,FCO,FRA-FCO,DE1000,80.0,19.73,3.75,1,712646,FRA-FCO,103.48
712672,2025-03-17,2025-03-21,2025-03-31,FRA,FCO,FRA → FCO,DE1000,80.0,5.22,0.0,1,712672,FRA-FCO,85.22
712687,2025-02-16,2025-02-18,2025-03-13,FCO,FRA,FCO-FRA,DE1003,136.0,15.26,6.13,2,712687,FCO-FRA,157.39
712730,2025-03-25,2025-03-28,2025-04-10,PMO,FCO,PMO-FCO,DE1002,153.0,0.0,9.4,2,712730,PMO-FCO,162.4
712759,2025-03-14,2025-03-15,2025-04-13,FCO,FRA,FCO-FRA,DE1003,85.0,0.0,6.67,1,712759,FCO-FRA,91.67
712784,2025-02-09,2025-02-13,2025-03-23,FCO,FRA,FCO-FRA,DE1003,68.0,11.8,4.18,1,712784,FCO-FRA,83.97999999999999
712787,2025-02-09,2025-02-10,2025-03-16,FCO,PMO,FCO → PMO,DE1001,153.0,19.44,0.0,2,712787,FCO-PMO,172.44
712808,2025-03-30,2025-04-01,2025-04-25,FRA,FCO,FRA → FCO,DE1000,85.0,5.5,2.57,1,712808,FRA-FCO,93.07
712825,2025-03-01,2025-03-02,2025-03-09,FCO,FRA,FCO-FRA,DE1003,160.0,14.39,7.67,2,712825,FCO-FRA,182.05999999999997
712851,2025-01-28,2025-01-30,2025-03-22,FCO,FRA,FCO-FRA,DE1003,68.0,6.5,3.94,1,712851,FCO-FRA,78.44
712854,2025-03-17,2025-03-18,2025-04-13,FCO,PMO,FCO → PMO,DE1001,191.25,5.61,0.0,2,712854,FCO-PMO,196.86
712874,2025-02-08,2025-02-11,2025-03-26,FCO,FRA,FCO → FRA,DE1003,68.0,0.0,9.81,1,712874,FCO-FRA,77.81
712878,2025-03-25,2025-03-26,2025-03-31,PMO,FCO,PMO-FCO,DE1002,108.0,17.04,6.9,1,712878,PMO-FCO,131.94
712892,2025-02-19,2025-02-21,2025-04-19,FCO,PMO,FCO-PMO,DE1001,95.62,17.48,7.37,1,712892,FCO-PMO,120.47000000000001
712893,2025-02-10,2025-02-14,2025-03-23,PMO,FCO,PMO-FCO,DE1002,76.5,8.19,0.0,1,712893,PMO-FCO,84.69
712918,2025-02-11,2025-02-12,2025-03-20,FCO,PMO,FCO → PMO,DE1001,76.5,14.98,2.29,1,712918,FCO-PMO,93.77000000000001
712948,2025-03-14,2025-03-18,2025-04-11,FCO,PMO,FCO → PMO,DE1001,153.0,18.46,0.0,2,712948,FCO-PMO,171.46
712951,2025-02-27,2025-03-02,2025-03-02,FRA,FCO,FRA → FCO,DE1000,120.0,17.68,2.65,1,712951,FRA-FCO,140.33
712956,2025-03-13,2025-03-14,2025-03-22,PMO,FCO,PMO-FCO,DE1002,180.0,12.43,7.42,2,712956,PMO-FCO,199.85
712991,2025-02-17,2025-02-21,2025-04-05,FCO,PMO,FCO → PMO,DE1001,153.0,12.5,8.71,2,712991,FCO-PMO,174.21
713052,2025-04-04,2025-04-06,2025-04-23,FCO,PMO,FCO-PMO,DE1001,95.62,0.0,0.0,1,713052,FCO-PMO,95.62
713108,2025-02-11,2025-02-13,2025-03-28,FCO,FRA,FCO-FRA,DE1003,136.0,0.0,2.04,2,713108,FCO-FRA,138.04
713111,2025-02-28,2025-03-04,2025-04-25,PMO,FCO,PMO → FCO,DE1002,191.25,0.0,6.93,2,713111,PMO-FCO,198.18
713126,2025-02-17,2025-02-18,2025-03-29,FCO,FRA,FCO-FRA,DE1003,68.0,10.52,0.0,1,713126,FCO-FRA,78.52
713128,2025-01-27,2025-01-28,2025-03-06,PMO,FCO,PMO-FCO,DE1002,76.5,0.0,9.33,1,713128,PMO-FCO,85.83
713180,2025-04-06,2025-04-08,2025-04-12,FCO,PMO,FCO-PMO,DE1001,108.0,12.51,4.39,1,713180,FCO-PMO,124.9
713213,2025-03-08,2025-03-12,2025-04-27,PMO,FCO,PMO-FCO,DE1002,95.62,12.23,3.68,1,713213,PMO-FCO,111.53000000000002
713225,2025-01-23,2025-01-27,2025-03-10,FCO,PMO,FCO → PMO,DE1001,153.0,16.91,8.96,2,713225,FCO-PMO,178.87
713249,2025-02-28,2025-03-02,2025-04-10,FRA,FCO,FRA-FCO,DE1000,68.0,7.36,5.96,1,713249,FRA-FCO,81.32
713275,2025-03-11,2025-03-15,2025-03-27,FCO,FRA,FCO-FRA,DE1003,204.0,0.0,6.44,3,713275,FCO-FRA,210.44
713289,2025-03-26,2025-03-27,2025-04-04,FRA,FCO,FRA → FCO,DE1000,160.0,0.0,2.07,2,713289,FRA-FCO,162.07
713316,2025-01-20,2025-01-24,2025-03-06,FCO,PMO,FCO → PMO,DE1001,76.5,19.31,7.72,1,713316,FCO-PMO,103.53
713323,2025-03-13,2025-03-14,2025-04-06,FCO,FRA,FCO-FRA,DE1003,68.0,0.0,0.0,1,713323,FCO-FRA,68.0
713332,2025-03-23,2025-03-25,2025-04-20,FCO,FRA,FCO-FRA,DE1003,170.0,16.45,4.47,2,713332,FCO-FRA,190.92
713341,2025-02-13,2025-02-17,2025-04-13,FRA,FCO,FRA → FCO,DE1000,85.0,0.0,8.81,1,713341,FRA-FCO,93.81
713351,2025-02-09,2025-02-13,2025-03-14,FCO,PMO,FCO-PMO,DE1001,153.0,0.0,8.13,2,713351,FCO-PMO,161.13
713358,2025-04-13,2025-04-17,2025-04-20,FCO,FRA,FCO-FRA,DE1003,120.0,5.39,8.91,1,713358,FCO-FRA,134.3
713382,2025-03-05,2025-03-07,2025-04-14,FCO,PMO,FCO-PMO,DE1001,191.25,19.3,2.88,2,713382,FCO-PMO,213.43
713397,2025-02-11,2025-02-14,2025-03-20,FRA,FCO,FRA-FCO,DE1000,136.0,0.0,7.37,2,713397,FRA-FCO,143.37
713402,2025-03-23,2025-03-25,2025-04-02,FCO,PMO,FCO-PMO,DE1001,90.0,5.02,2.11,1,713402,FCO-PMO,97.13
713416,2025-03-04,2025-03-07,2025-03-23,FCO,FRA,FCO → FRA,DE1003,68.0,0.0,0.0,1,713416,FCO-FRA,68.0
713446,2025-02-23,2025-02-27,2025-03-08,PMO,FCO,PMO → FCO,DE1002,180.0,0.0,5.6,2,713446,PMO-FCO,185.6
713468,2025-03-01,2025-03-04,2025-04-21,PMO,FCO,PMO-FCO,DE1002,191.25,0.0,3.46,2,713468,PMO-FCO,194.71
713473,2025-04-10,2025-04-14,2025-04-24,FCO,FRA,FCO → FRA,DE1003,200.0,0.0,7.08,2,713473,FCO-FRA,207.08
713476,2025-03-26,2025-03-28,2025-04-13,FCO,FRA,FCO-FRA,DE1003,85.0,0.0,0.0,1,713476,FCO-FRA,85.0
713483,2025-03-11,2025-03-15,2025-04-05,PMO,FCO,PMO-FCO,DE1002,76.5,18.0,4.48,1,713483,PMO-FCO,98.98
713515,2025-04-11,2025-04-12,2025-04-27,PMO,FCO,PMO-FCO,DE1002,286.88,5.24,9.95,3,713515,PMO-FCO,302.07
713566,2025-01-24,2025-01-26,2025-03-09,FCO,FRA,FCO-FRA,DE1003,136.0,17.37,4.41,2,713566,FCO-FRA,157.78
713570,2025-03-02,2025-03-04,2025-04-20,PMO,FCO,PMO-FCO,DE1002,191.25,10.57,6.14,2,713570,PMO-FCO,207.95999999999998
713574,2025-02-10,2025-02-14,2025-04-04,FRA,FCO,FRA-FCO,DE1000,136.0,8.89,0.0,2,713574,FRA-FCO,144.89
713578,2025-01-18,2025-01-21,2025-03-13,FRA,FCO,FRA-FCO,DE1000,204.0,15.04,5.92,3,713578,FRA-FCO,224.95999999999998
713581,2025-02-22,2025-02-25,2025-04-07,FCO,FRA,FCO → FRA,DE1003,136.0,0.0,2.08,2,713581,FCO-FRA,138.08
713604,2025-01-28,2025-01-29,2025-03-14,FRA,FCO,FRA → FCO,DE1000,68.0,7.39,3.26,1,713604,FRA-FCO,78.65
713626,2025-03-09,2025-03-11,2025-03-10,FRA,FCO,FRA-FCO,DE1000,240.0,0.0,4.23,2,713626,FRA-FCO,244.23
713629,2025-03-29,2025-04-01,2025-04-13,PMO,FCO,PMO → FCO,DE1002,191.25,16.59,0.0,2,713629,PMO-FCO,207.84
713642,2025-04-11,2025-04-14,2025-04-24,FCO,PMO,FCO-PMO,DE1001,112.5,18.06,4.66,1,713642,FCO-PMO,135.22
713648,2025-02-20,2025-02-24,2025-03-21,FCO,FRA,FCO-FRA,DE1003,68.0,0.0,4.11,1,713648,FCO-FRA,72.11
713655,2025-04-02,2025-04-04,2025-04-30,FRA,FCO,FRA-FCO,DE1000,136.0,16.61,6.94,2,713655,FRA-FCO,159.55
713666,2025-03-18,2025-03-22,2025-03-31,FCO,FRA,FCO-FRA,DE1003,80.0,0.0,2.06,1,713666,FCO-FRA,82.06
713677,2025-03-04,2025-03-06,2025-03-16,PMO,FCO,PMO → FCO,DE1002,90.0,17.8,7.08,1,713677,PMO-FCO,114.88
713697,2025-02-01,2025-02-03,2025-03-14,PMO,FCO,PMO-FCO,DE1002,76.5,8.02,3.23,1,713697,PMO-FCO,87.75
713709,2025-03-08,2025-03-11,2025-04-24,FRA,FCO,FRA → FCO,DE1000,170.0,12.51,4.9,2,713709,FRA-FCO,187.41
713758,2025-03-05,2025-03-09,2025-03-10,FCO,PMO,FCO-PMO,DE1001,216.0,13.89,4.46,2,713758,FCO-PMO,234.35
713760,2025-03-13,2025-03-14,2025-04-07,FCO,FRA,FCO-FRA,DE1003,136.0,9.99,2.2,2,713760,FCO-FRA,148.19
713766,2025-02-05,2025-02-07,2025-03-27,FCO,FRA,FCO-FRA,DE1003,68.0,14.26,0.0,1,713766,FCO-FRA,82.26
713783,2025-02-27,2025-03-02,2025-04-03,FCO,FRA,FCO-FRA,DE1003,68.0,6.85,0.0,1,713783,FCO-FRA,74.85
713788,2025-03-17,2025-03-19,2025-04-19,PMO,FCO,PMO-FCO,DE1002,95.62,9.46,9.43,1,713788,PMO-FCO,114.51000000000002
713804,2025-03-17,2025-03-19,2025-03-31,FCO,PMO,FCO-PMO,DE1001,180.0,0.0,4.85,2,713804,FCO-PMO,184.85
713868,2025-02-10,2025-02-14,2025-03-31,PMO,FCO,PMO-FCO,DE1002,153.0,14.77,2.35,2,713868,PMO-FCO,170.12
713869,2025-01-14,2025-01-16,2025-03-01,PMO,FCO,PMO-FCO,DE1002,229.5,7.73,5.45,3,713869,PMO-FCO,242.67999999999998
713889,2025-03-02,2025-03-05,2025-04-10,FRA,FCO,FRA-FCO,DE1000,68.0,0.0,9.28,1,713889,FRA-FCO,77.28
713900,2025-04-09,2025-04-12,2025-04-17,FRA,FCO,FRA-FCO,DE1000,200.0,7.09,7.24,2,713900,FRA-FCO,214.33
713950,2025-02-25,2025-03-01,2025-04-04,FCO,PMO,FCO-PMO,DE1001,153.0,0.0,0.0,2,713950,FCO-PMO,153.0
714015,2025-04-11,2025-04-15,2025-04-14,PMO,FCO,PMO-FCO,DE1002,168.75,9.73,0.0,1,714015,PMO-FCO,178.48
714036,2025-02-18,2025-02-22,2025-04-13,FRA,FCO,FRA-FCO,DE1000,255.0,0.0,5.44,3,714036,FRA-FCO,260.44
714050,2025-02-26,2025-03-02,2025-04-13,FCO,FRA,FCO-FRA,DE1003,85.0,11.88,5.81,1,714050,FCO-FRA,102.69
714079,2025-02-25,2025-02-26,2025-03-30,FCO,PMO,FCO-PMO,DE1001,76.5,0.0,0.0,1,714079,FCO-PMO,76.5
714081,2025-02-25,2025-02-26,2025-04-10,FRA,FCO,FRA → FCO,DE1000,136.0,7.47,5.17,2,714081,FRA-FCO,148.64
714091,2025-01-28,2025-02-01,2025-03-15,FRA,FCO,FRA-FCO,DE1000,68.0,0.0,8.74,1,714091,FRA-FCO,76.74
714118,2025-03-06,2025-03-10,2025-04-10,FCO,PMO,FCO → PMO,DE1001,76.5,5.04,4.26,1,714118,FCO-PMO,85.80000000000001
714187,2025-01-19,2025-01-20,2025-03-02,FCO,FRA,FCO → FRA,DE1003,204.0,5.46,9.76,3,714187,FCO-FRA,219.22
714191,2025-03-11,2025-03-14,2025-03-17,FCO,FRA,FCO-FRA,DE1003,96.0,13.63,2.07,1,714191,FCO-FRA,111.69999999999999
714210,2025-01-27,2025-01-29,2025-03-19,PMO,FCO,PMO-FCO,DE1002,76.5,0.0,0.0,1,714210,PMO-FCO,76.5
714217,2025-03-01,2025-03-04,2025-04-05,FRA,FCO,FRA → FCO,DE1000,136.0,6.29,6.58,2,714217,FRA-FCO,148.87
714227,2025-02-11,2025-02-14,2025-03-08,FCO,FRA,FCO-FRA,DE1003,68.0,16.34,6.61,1,714227,FCO-FRA,90.95
714242,2025-04-13,2025-04-15,2025-04-14,PMO,FCO,PMO → FCO,DE1002,168.75,15.83,7.92,1,714242,PMO-FCO,192.5
714309,2025-02-10,2025-02-12,2025-03-19,FCO,FRA,FCO-FRA,DE1003,68.0,10.81,9.63,1,714309,FCO-FRA,88.44
714327,2025-03-20,2025-03-23,2025-04-18,FCO,PMO,FCO → PMO,DE1001,191.25,5.04,2.68,2,714327,FCO-PMO,198.97
714331,2025-02-14,2025-02-17,2025-03-31,PMO,FCO,PMO-FCO,DE1002,229.5,18.76,3.7,3,714331,PMO-FCO,251.95999999999998
714334,2025-04-04,2025-04-07,2025-04-27,FCO,PMO,FCO-PMO,DE1001,191.25,14.27,7.84,2,714334,FCO-PMO,213.36
714363,2025-02-05,2025-02-07,2025-03-29,PMO,FCO,PMO-FCO,DE1002,76.5,17.57,0.0,1,714363,PMO-FCO,94.07
714373,2025-04-04,2025-04-06,2025-04-09,FRA,FCO,FRA → FCO,DE1000,96.0,10.35,0.0,1,714373,FRA-FCO,106.35
714392,2025-02-13,2025-02-14,2025-03-17,FCO,FRA,FCO-FRA,DE1003,68.0,7.01,6.66,1,714392,FCO-FRA,81.67
714393,2025-03-27,2025-03-28,2025-04-07,FCO,FRA,FCO-FRA,DE1003,160.0,12.15,0.0,2,714393,FCO-FRA,172.15
714408,2025-01-28,2025-01-30,2025-03-07,FCO,PMO,FCO-PMO,DE1001,76.5,18.7,9.18,1,714408,FCO-PMO,104.38
714432,2025-03-15,2025-03-17,2025-03-22,FCO,FRA,FCO → FRA,DE1003,192.0,14.66,3.31,2,714432,FCO-FRA,209.97
714446,2025-02-23,2025-02-25,2025-03-12,FCO,FRA,FCO-FRA,DE1003,68.0,7.9,10.0,1,714446,FCO-FRA,85.9
714450,2025-02-12,2025-02-15,2025-04-07,FCO,PMO,FCO-PMO,DE1001,229.5,6.6,0.0,3,714450,FCO-PMO,236.1
714455,2025-02-12,2025-02-16,2025-03-23,FCO,PMO,FCO-PMO,DE1001,76.5,9.41,5.51,1,714455,FCO-PMO,91.42
714470,2025-03-10,2025-03-13,2025-04-09,FCO,FRA,FCO → FRA,DE1003,136.0,7.48,0.0,2,714470,FCO-FRA,143.48
714484,2025-03-21,2025-03-25,2025-03-29,FCO,PMO,FCO-PMO,DE1001,180.0,11.78,0.0,2,714484,FCO-PMO,191.78
714485,2025-04-08,2025-04-10,2025-04-27,PMO,FCO,PMO-FCO,DE1002,95.62,13.59,5.28,1,714485,PMO-FCO,114.49000000000001
714487,2025-01-23,2025-01-25,2025-03-06,FCO,FRA,FCO-FRA,DE1003,136.0,16.49,0.0,2,714487,FCO-FRA,152.49
714493,2025-04-06,2025-04-10,2025-04-11,PMO,FCO,PMO-FCO,DE1002,108.0,15.06,4.09,1,714493,PMO-FCO,127.15
714503,2025-03-07,2025-03-08,2025-03-23,FCO,FRA,FCO → FRA,DE1003,136.0,14.89,0.0,2,714503,FCO-FRA,150.89
714519,2025-02-25,2025-03-01,2025-04-20,FCO,PMO,FCO-PMO,DE1001,191.25,0.0,5.82,2,714519,FCO-PMO,197.07
714562,2025-02-20,2025-02-22,2025-03-27,PMO,FCO,PMO-FCO,DE1002,76.5,12.04,8.32,1,714562,PMO-FCO,96.85999999999999
714575,2025-01-19,2025-01-22,2025-03-12,PMO,FCO,PMO-FCO,DE1002,76.5,0.0,9.34,1,714575,PMO-FCO,85.84
714594,2025-04-11,2025-04-14,2025-04-16,FRA,FCO,FRA → FCO,DE1000,120.0,17.77,8.64,1,714594,FRA-FCO,146.41000000000003
714625,2025-02-23,2025-02-25,2025-03-17,FRA,FCO,FRA-FCO,DE1000,204.0,0.0,3.26,3,714625,FRA-FCO,207.26
714635,2025-02-16,2025-02-17,2025-03-16,PMO,FCO,PMO → FCO,DE1002,153.0,0.0,2.68,2,714635,PMO-FCO,155.68
714648,2025-04-10,2025-04-11,2025-04-17,FRA,FCO,FRA-FCO,DE1000,120.0,0.0,8.87,1,714648,FRA-FCO,128.87
714650,2025-02-22,2025-02-24,2025-03-29,PMO,FCO,PMO-FCO,DE1002,153.0,8.71,5.81,2,714650,PMO-FCO,167.52
714660,2025-02-13,2025-02-17,2025-04-03,FRA,FCO,FRA-FCO,DE1000,136.0,10.7,0.0,2,714660,FRA-FCO,146.7
714667,2025-03-04,2025-03-07,2025-03-31,FCO,FRA,FCO-FRA,DE1003,68.0,0.0,5.23,1,714667,FCO-FRA,73.23
714673,2025-02-11,2025-02-13,2025-03-14,PMO,FCO,PMO-FCO,DE1002,76.5,19.28,2.2,1,714673,PMO-FCO,97.98
714717,2025-02-11,2025-02-14,2025-03-03,FCO,FRA,FCO-FRA,DE1003,68.0,0.0,6.34,1,714717,FCO-FRA,74.34
714721,2025-02-28,2025-03-02,2025-04-13,FCO,FRA,FCO-FRA,DE1003,85.0,16.67,8.48,1,714721,FCO-FRA,110.15
714750,2025-03-20,2025-03-22,2025-04-02,FRA,FCO,FRA → FCO,DE1000,80.0,6.09,8.49,1,714750,FRA-FCO,94.58
714760,2025-02-22,2025-02-26,2025-03-09,PMO,FCO,PMO-FCO,DE1002,229.5,15.39,4.99,3,714760,PMO-FCO,249.88
714810,2025-02-22,2025-02-25,2025-03-14,FCO,PMO,FCO → PMO,DE1001,76.5,13.17,9.15,1,714810,FCO-PMO,98.82000000000001
714821,2025-03-15,2025-03-16,2025-04-07,FRA,FCO,FRA-FCO,DE1000,136.0,13.94,8.97,2,714821,FRA-FCO,158.91
714836,2025-02-26,2025-03-01,2025-03-10,FCO,PMO,FCO-PMO,DE1001,180.0,19.14,4.68,2,714836,FCO-PMO,203.82
714837,2025-03-30,2025-04-03,2025-04-06,FCO,FRA,FCO-FRA,DE1003,192.0,12.46,0.0,2,714837,FCO-FRA,204.46
714839,2025-02-21,2025-02-22,2025-04-12,FRA,FCO,FRA-FCO,DE1000,68.0,0.0,9.88,1,714839,FRA-FCO,77.88
714871,2025-03-21,2025-03-25,2025-03-26,FCO,FRA,FCO-FRA,DE1003,96.0,0.0,7.62,1,714871,FCO-FRA,103.62
714920,2025-04-02,2025-04-03,2025-04-17,FCO,PMO,FCO-PMO,DE1001,191.25,8.28,8.8,2,714920,FCO-PMO,208.33
714944,2025-02-25,2025-02-27,2025-04-02,FRA,FCO,FRA-FCO,DE1000,68.0,0.0,4.21,1,714944,FRA-FCO,72.21
714945,2025-03-15,2025-03-18,2025-04-11,FCO,FRA,FCO-FRA,DE1003,68.0,9.33,4.38,1,714945,FCO-FRA,81.71
714953,2025-01-03,2025-01-06,2025-03-01,PMO,FCO,PMO-FCO,DE1002,153.0,5.47,0.0,2,714953,PMO-FCO,158.47
714959,2025-02-06,2025-02-08,2025-04-06,FRA,FCO,FRA-FCO,DE1000,68.0,13.76,4.25,1,714959,FRA-FCO,86.01
715027,2025-04-19,2025-04-23,2025-04-23,FCO,FRA,FCO → FRA,DE1003,120.0,0.0,0.0,1,715027,FCO-FRA,120.0
715029,2025-03-13,2025-03-14,2025-03-15,FCO,PMO,FCO-PMO,DE1001,135.0,10.4,0.0,1,715029,FCO-PMO,145.4
715034,2025-02-13,2025-02-15,2025-03-08,FCO,FRA,FCO-FRA,DE1003,136.0,15.86,0.0,2,715034,FCO-FRA,151.86
715055,2025-02-04,2025-02-05,2025-03-17,PMO,FCO,PMO-FCO,DE1002,153.0,5.65,0.0,2,715055,PMO-FCO,158.65
715116,2025-04-26,2025-04-30,2025-04-27,PMO,FCO,PMO → FCO,DE1002,168.75,18.97,0.0,1,715116,PMO-FCO,187.72
715136,2025-04-07,2025-04-09,2025-04-26,PMO,FCO,PMO → FCO,DE1002,95.62,0.0,3.24,1,715136,PMO-FCO,98.86
715161,2025-04-22,2025-04-25,2025-04-26,FCO,PMO,FCO-PMO,DE1001,135.0,15.5,8.41,1,715161,FCO-PMO,158.91
715189,2025-01-19,2025-01-20,2025-03-09,PMO,FCO,PMO → FCO,DE1002,76.5,11.25,2.73,1,715189,PMO-FCO,90.48
715200,2025-02-10,2025-02-12,2025-03-19,FCO,PMO,FCO-PMO,DE1001,153.0,0.0,7.26,2,715200,FCO-PMO,160.26
715221,2025-04-08,2025-04-10,2025-04-21,FRA,FCO,FRA-FCO,DE1000,100.0,12.76,4.6,1,715221,FRA-FCO,117.36
715242,2025-02-20,2025-02-22,2025-04-05,FCO,PMO,FCO → PMO,DE1001,76.5,15.83,8.19,1,715242,FCO-PMO,100.52
715265,2025-03-31,2025-04-02,2025-04-28,FCO,FRA,FCO-FRA,DE1003,204.0,6.96,5.26,3,715265,FCO-FRA,216.22
715266,2025-03-25,2025-03-27,2025-04-11,PMO,FCO,PMO-FCO,DE1002,76.5,17.35,7.73,1,715266,PMO-FCO,101.58
715269,2025-02-01,2025-02-02,2025-03-26,FCO,FRA,FCO-FRA,DE1003,68.0,17.7,0.0,1,715269,FCO-FRA,85.7
715274,2025-02-14,2025-02-16,2025-03-08,PMO,FCO,PMO-FCO,DE1002,76.5,12.62,0.0,1,715274,PMO-FCO,89.12
715275,2025-02-26,2025-02-27,2025-03-07,PMO,FCO,PMO-FCO,DE1002,180.0,8.53,0.0,2,715275,PMO-FCO,188.53
715296,2025-02-14,2025-02-16,2025-03-30,FCO,FRA,FCO → FRA,DE1003,136.0,6.07,4.14,2,715296,FCO-FRA,146.20999999999998
715319,2025-01-08,2025-01-12,2025-03-02,PMO,FCO,PMO-FCO,DE1002,76.5,0.0,5.77,1,715319,PMO-FCO,82.27
715365,2025-04-17,2025-04-21,2025-04-28,FCO,PMO,FCO-PMO,DE1001,180.0,17.69,0.0,2,715365,FCO-PMO,197.69
715387,2025-03-08,2025-03-12,2025-04-06,FRA,FCO,FRA-FCO,DE1000,68.0,8.32,2.06,1,715387,FRA-FCO,78.38
715395,2025-02-28,2025-03-04,2025-03-02,FCO,FRA,FCO-FRA,DE1003,240.0,11.93,0.0,2,715395,FCO-FRA,251.93
715417,2025-01-25,2025-01-27,2025-03-14,FRA,FCO,FRA-FCO,DE1000,68.0,17.36,2.96,1,715417,FRA-FCO,88.32
715444,2025-03-20,2025-03-21,2025-04-18,FRA,FCO,FRA-FCO,DE1000,85.0,14.54,7.01,1,715444,FRA-FCO,106.55
715473,2025-02-22,2025-02-24,2025-03-06,FCO,PMO,FCO-PMO,DE1001,180.0,18.89,0.0,2,715473,FCO-PMO,198.89
715530,2025-01-12,2025-01-14,2025-03-10,FCO,PMO,FCO → PMO,DE1001,153.0,8.01,9.09,2,715530,FCO-PMO,170.1
715548,2025-03-28,2025-03-30,2025-04-23,FRA,FCO,FRA-FCO,DE1000,170.0,14.85,8.24,2,715548,FRA-FCO,193.09
715566,2025-01-18,2025-01-21,2025-03-10,FRA,FCO,FRA-FCO,DE1000,136.0,0.0,0.0,2,715566,FRA-FCO,136.0
715591,2025-04-04,2025-04-07,2025-04-05,FCO,FRA,FCO → FRA,DE1003,240.0,0.0,6.39,2,715591,FCO-FRA,246.39
715600,2025-03-08,2025-03-10,2025-04-09,PMO,FCO,PMO → FCO,DE1002,76.5,16.86,3.9,1,715600,PMO-FCO,97.26
715651,2025-02-26,2025-03-01,2025-03-07,FCO,PMO,FCO-PMO,DE1001,180.0,10.35,8.7,2,715651,FCO-PMO,199.04999999999998
715672,2025-03-16,2025-03-18,2025-04-20,FCO,PMO,FCO → PMO,DE1001,95.62,5.55,9.67,1,715672,FCO-PMO,110.84
715692,2025-02-17,2025-02-19,2025-04-10,FCO,PMO,FCO-PMO,DE1001,229.5,15.03,2.19,3,715692,FCO-PMO,246.72
715704,2025-02-05,2025-02-06,2025-03-10,PMO,FCO,PMO-FCO,DE1002,76.5,7.67,0.0,1,715704,PMO-FCO,84.17
715710,2025-01-27,2025-01-28,2025-03-10,FCO,PMO,FCO-PMO,DE1001,229.5,8.13,8.66,3,715710,FCO-PMO,246.29
715784,2025-01-14,2025-01-16,2025-03-07,FRA,FCO,FRA-FCO,DE1000,68.0,7.07,3.08,1,715784,FRA-FCO,78.14999999999999
715801,2025-03-28,2025-03-29,2025-04-04,FCO,FRA,FCO → FRA,DE1003,96.0,0.0,0.0,1,715801,FCO-FRA,96.0
715812,2025-02-18,2025-02-20,2025-03-20,PMO,FCO,PMO-FCO,DE1002,153.0,9.68,0.0,2,715812,PMO-FCO,162.68
715833,2025-02-02,2025-02-06,2025-03-15,FRA,FCO,FRA-FCO,DE1000,68.0,13.69,8.72,1,715833,FRA-FCO,90.41
715861,2025-01-29,2025-01-31,2025-03-23,FCO,FRA,FCO-FRA,DE1003,68.0,18.9,0.0,1,715861,FCO-FRA,86.9
715884,2025-02-01,2025-02-04,2025-03-14,FRA,FCO,FRA → FCO,DE1000,136.0,17.28,4.26,2,715884,FRA-FCO,157.54
715890,2025-02-22,2025-02-26,2025-03-09,FCO,FRA,FCO-FRA,DE1003,204.0,13.83,4.64,3,715890,FCO-FRA,222.47
715893,2025-04-12,2025-04-15,2025-04-30,FCO,FRA,FCO-FRA,DE1003,68.0,11.12,0.0,1,715893,FCO-FRA,79.12
715910,2025-02-06,2025-02-07,2025-03-17,FCO,FRA,FCO-FRA,DE1003,68.0,8.62,6.7,1,715910,FCO-FRA,83.32000000000001
715957,2025-03-30,2025-04-01,2025-04-18,PMO,FCO,PMO-FCO,DE1002,95.62,0.0,8.24,1,715957,PMO-FCO,103.86
716001,2025-03-26,2025-03-30,2025-04-03,PMO,FCO,PMO → FCO,DE1002,90.0,13.21,5.38,1,716001,PMO-FCO,108.59
716011,2025-04-11,2025-04-15,2025-04-16,FRA,FCO,FRA-FCO,DE1000,120.0,5.73,0.0,1,716011,FRA-FCO,125.73
716050,2025-02-26,2025-03-02,2025-03-15,FCO,FRA,FCO-FRA,DE1003,204.0,16.16,2.5,3,716050,FCO-FRA,222.66
716053,2025-03-26,2025-03-29,2025-04-23,FCO,FRA,FCO → FRA,DE1003,170.0,7.58,8.22,2,716053,FCO-FRA,185.8
716063,2025-04-08,2025-04-11,2025-04-11,FCO,FRA,FCO → FRA,DE1003,240.0,15.59,4.63,2,716063,FCO-FRA,260.22
716097,2025-02-22,2025-02-24,2025-03-10,FCO,FRA,FCO-FRA,DE1003,204.0,0.0,4.35,3,716097,FCO-FRA,208.35
716098,2025-04-08,2025-04-09,2025-04-12,FRA,FCO,FRA → FCO,DE1000,96.0,0.0,3.2,1,716098,FRA-FCO,99.2
716176,2025-02-21,2025-02-25,2025-04-13,FCO,PMO,FCO-PMO,DE1001,191.25,13.22,0.0,2,716176,FCO-PMO,204.47
716225,2025-02-18,2025-02-19,2025-03-10,PMO,FCO,PMO → FCO,DE1002,76.5,8.73,0.0,1,716225,PMO-FCO,85.23
716230,2025-03-10,2025-03-13,2025-03-14,FCO,PMO,FCO-PMO,DE1001,216.0,13.44,0.0,2,716230,FCO-PMO,229.44
716283,2025-03-05,2025-03-09,2025-04-04,FCO,FRA,FCO → FRA,DE1003,204.0,16.21,2.97,3,716283,FCO-FRA,223.18
716287,2025-03-31,2025-04-04,2025-04-14,PMO,FCO,PMO-FCO,DE1002,225.0,6.76,0.0,2,716287,PMO-FCO,231.76
716293,2025-03-25,2025-03-26,2025-04-09,PMO,FCO,PMO-FCO,DE1002,76.5,19.7,3.26,1,716293,PMO-FCO,99.46000000000001
716319,2025-03-24,2025-03-28,2025-04-14,FRA,FCO,FRA-FCO,DE1000,170.0,19.57,3.09,2,716319,FRA-FCO,192.66
716327,2025-01-06,2025-01-07,2025-03-01,FRA,FCO,FRA → FCO,DE1000,136.0,10.99,4.71,2,716327,FRA-FCO,151.70000000000002
716339,2025-04-23,2025-04-25,2025-04-24,PMO,FCO,PMO-FCO,DE1002,168.75,6.93,0.0,1,716339,PMO-FCO,175.68
716358,2025-03-07,2025-03-11,2025-03-19,FCO,FRA,FCO → FRA,DE1003,80.0,0.0,0.0,1,716358,FCO-FRA,80.0
716390,2025-03-18,2025-03-19,2025-04-02,PMO,FCO,PMO-FCO,DE1002,76.5,0.0,4.44,1,716390,PMO-FCO,80.94
716419,2025-04-21,2025-04-22,2025-04-27,FRA,FCO,FRA-FCO,DE1000,240.0,19.26,0.0,2,716419,FRA-FCO,259.26
716454,2025-04-17,2025-04-20,2025-04-18,FCO,FRA,FCO-FRA,DE1003,450.0,8.21,6.1,3,716454,FCO-FRA,464.31
716457,2025-02-18,2025-02-20,2025-03-21,FCO,FRA,FCO-FRA,DE1003,136.0,0.0,7.47,2,716457,FCO-FRA,143.47
716475,2025-03-20,2025-03-24,2025-04-05,PMO,FCO,PMO-FCO,DE1002,153.0,11.89,3.23,2,716475,PMO-FCO,168.11999999999998
716486,2025-02-23,2025-02-24,2025-04-03,PMO,FCO,PMO-FCO,DE1002,76.5,14.24,0.0,1,716486,PMO-FCO,90.74
716497,2025-04-21,2025-04-22,2025-04-25,PMO,FCO,PMO → FCO,DE1002,135.0,0.0,0.0,1,716497,PMO-FCO,135.0
716512,2025-03-06,2025-03-09,2025-03-19,FRA,FCO,FRA-FCO,DE1000,160.0,12.7,0.0,2,716512,FRA-FCO,172.7
716536,2025-03-12,2025-03-14,2025-04-04,FCO,PMO,FCO-PMO,DE1001,76.5,0.0,4.79,1,716536,FCO-PMO,81.29
716539,2025-04-04,2025-04-06,2025-04-28,FCO,PMO,FCO-PMO,DE1001,153.0,0.0,0.0,2,716539,FCO-PMO,153.0
716565,2025-03-11,2025-03-12,2025-04-07,FRA,FCO,FRA → FCO,DE1000,136.0,14.03,7.56,2,716565,FRA-FCO,157.59
716610,2025-02-25,2025-02-27,2025-03-26,PMO,FCO,PMO-FCO,DE1002,76.5,6.91,7.4,1,716610,PMO-FCO,90.81
716623,2025-02-26,2025-03-02,2025-04-25,FCO,PMO,FCO-PMO,DE1001,191.25,0.0,0.0,2,716623,FCO-PMO,191.25
716635,2025-03-01,2025-03-04,2025-04-11,PMO,FCO,PMO-FCO,DE1002,76.5,9.81,4.36,1,716635,PMO-FCO,90.67
716642,2025-03-15,2025-03-16,2025-04-11,FRA,FCO,FRA → FCO,DE1000,68.0,12.42,4.22,1,716642,FRA-FCO,84.64
716652,2025-04-07,2025-04-10,2025-04-16,FRA,FCO,FRA → FCO,DE1000,100.0,6.97,0.0,1,716652,FRA-FCO,106.97
716666,2025-02-23,2025-02-27,2025-04-07,FCO,PMO,FCO → PMO,DE1001,153.0,9.05,0.0,2,716666,FCO-PMO,162.05
716704,2025-04-01,2025-04-05,2025-04-11,FCO,PMO,FCO-PMO,DE1001,180.0,18.8,6.41,2,716704,FCO-PMO,205.21
716713,2025-01-31,2025-02-04,2025-03-01,FRA,FCO,FRA-FCO,DE1000,136.0,15.78,6.67,2,716713,FRA-FCO,158.45
716726,2025-03-31,2025-04-02,2025-04-28,PMO,FCO,PMO-FCO,DE1002,76.5,0.0,9.88,1,716726,PMO-FCO,86.38
716779,2025-02-24,2025-02-27,2025-04-21,FRA,FCO,FRA-FCO,DE1000,170.0,14.83,4.07,2,716779,FRA-FCO,188.9
716801,2025-03-11,2025-03-14,2025-04-26,FCO,FRA,FCO-FRA,DE1003,85.0,0.0,0.0,1,716801,FCO-FRA,85.0
716821,2025-03-28,2025-04-01,2025-04-07,FRA,FCO,FRA-FCO,DE1000,160.0,0.0,8.95,2,716821,FRA-FCO,168.95
716867,2025-02-23,2025-02-27,2025-03-07,FCO,PMO,FCO → PMO,DE1001,180.0,16.32,0.0,2,716867,FCO-PMO,196.32
716958,2025-04-12,2025-04-13,2025-04-27,PMO,FCO,PMO-FCO,DE1002,191.25,15.58,5.83,2,716958,PMO-FCO,212.66000000000003
716964,2025-02-08,2025-02-11,2025-03-31,FRA,FCO,FRA-FCO,DE1000,68.0,8.77,3.93,1,716964,FRA-FCO,80.7
